Familia;Proveedor;Codigo;Descripcion;Costo;Precio
PISOS;ALL COVERING;AC10-001;Piso VALVI HOME -baseEva- caja2,170m2  xm2 Allcovering;22104,225;50200
PISOS;ALL COVERING;AC10-002;Piso VALVI GREEN -baseEva-Caja2,635m2  xm2 Allcovering;22104,225;50200
PISOS;ALL COVERING;AC10-003;Piso VALVI FLOOR -baseEva- Caja2,257m2  xm2 Allcovering;24391,125;58200
PISOS;ALL COVERING;AC10-020;Piso Vinilico BONUS 1.3mm ancho2mt xm2;7989,3;20800
PISOS;ALL COVERING;AC10-021;Piso Vinilico ENIRO 1.5mm ancho2mt xm2;8939,7;23700
PISOS;ALL COVERING;AC10-022;Piso Vinilico MAXIMA EKO 2.5mm ancho2mt xm2;10343,025;27200
PISOS;ALL COVERING;AC10-023;Piso Vinilico LUNA 2mm ancho2mt xm2;10179,675;26700
PISOS;ALL COVERING;AC10-024;Piso Vinilico GAMRAT 2mm ancho2mt xm2;14374,8;37500
ALFOMBRAS;ALL COVERING;AC10-025;ALFOMBRA Boucle RAMBO ancho 2 o 4mt xm2;9244,125;22500
ALFOMBRAS;ALL COVERING;AC10-026;ALFOMBRA Pelo CARESSE ancho 2mt xm2;29380,725;57600
CESPED;ALL COVERING;AC10-028;CESPED ASCOT - Grama GG7F 7mm ancho 2mt xm2;7194,825;14200
CESPED;ALL COVERING;AC10-029;CESPED GRAMA GG18N 18mm ancho2mt xm2;10484,1;20600
CESPED;ALL COVERING;AC10-030;CESPED GRAMA GG25C 25mm ancho2mt xm2;12629,925;24900
CESPED;ALL COVERING;AC10-031;CESPED GRAMA GG35C 35mm ancho2mt xm2;19498,05;38200
PAPELES;ALL COVERING;AC10-035;Papel TITANIUM 3  -Alemania- 10.05x53cm. all covering;44795,025;87600
PAPELES;ALL COVERING;AC10-037;Papel Metropolitan Stories -Alemania-10,05x53cm. all covering;43725,825;87000
PAPELES;ALL COVERING;AC10-038;Papel Metropolitan Stories 2 -Alemania- 10.05x53cm. all covering;50066,775;99900
PAPELES;ALL COVERING;AC10-039;Papel GEO NORDIC -Alemania- 10.05x53cm. all covering;50066,775;99900
PAPELES;ALL COVERING;AC10-040;Papel ELEMENTS -Alemania- 10.05X53cm. all covering;41713,65;84100
PAPELES;ALL COVERING;AC10-041;Papel CUBA -Alemania- 10.05x53cm. all covering;46346,85;94000
PAPELES;ALL COVERING;AC10-043;FotoMural The Wall 7 Paneles 371X280 all covering;116750,7;237000
PAPELES;ALL COVERING;AC10-044;FotoMural The Wall 3 Paneles 159x280 all covering;53363,475;107600
PAPELES;ALL COVERING;AC10-045;Papel STORIES OF LIFE 10.05x53cm. all covering;0;99900
PAPELES;ALL COVERING;AC10-046;Papel FRENCH AFFAIR 10.05x53cm. all covering;0;74200
TELAS;ALHAMBRA;AL09-001;TELA ART 172 VOILE TURQUESA  3.00;7952,12;17800
TELAS;ALHAMBRA;AL09-002;TELA ART 215 VOILE LISO 3.00;3540,46;7900
TELAS;ALHAMBRA;AL09-003;TELA ART 226 GASA DE HILO 3.00;8031,98;18000
TELAS;ALHAMBRA;AL09-004;TELA ART 264 VOILE SUIZO 2.90;9227,46;20600
TELAS;ALHAMBRA;AL09-005;TELA ART 265 VOILE CRASH 2.70;7613,32;17000
TELAS;ALHAMBRA;AL09-006;TELA ART 268 ETAMINA RUSTICO FSIA 2.80;11294,14;25400
TELAS;ALHAMBRA;AL09-007;TELA ART 323 ETAMINA LISA 3.00;8179,6;18300
TELAS;ALHAMBRA;AL09-008;TELA ART 354 VOILE DE HILO 3.00;9550,53;21400
TELAS;ALHAMBRA;AL09-009;TELA ART 356 GRANITE 3.00;9914,74;22200
TELAS;ALHAMBRA;AL09-010;TELA ART 365 VOILE HILO CRASH 2.70;11046,09;24700
TELAS;ALHAMBRA;AL09-011;TELA ART 368 VOILE ESCOCES 3.00;9914,74;22200
TELAS;ALHAMBRA;AL09-012;TELA ART 372 VOILE RUSTICO 2.80;10069,62;22500
TELAS;ALHAMBRA;AL09-013;TELA ART 373 LORSON 3.00;11199,76;25100
TELAS;ALHAMBRA;AL09-014;TELA ART 375 VOILE NEVE 3.00;6411,79;14300
TELAS;ALHAMBRA;AL09-015;TELA ART 381 VOILE TRIPLE 3.00;8353,84;18700
TELAS;ALHAMBRA;AL09-016;TELA ART 587 ANDORRA 3.00;9073,79;20300
TELAS;ALHAMBRA;AL09-017;TELA ART 594 CREPPE VICTORIA 3.00;8007,78;17900
TELAS;ALHAMBRA;AL09-018;TELA ART 602 CANTABRIA 3.00;8545,02;19100
TELAS;ALHAMBRA;AL09-019;TELA ART 690 ATINA 3.00;9918,37;22300
TELAS;ALHAMBRA;AL09-020;TELA ART 760 LAISA SHANTUG  2.90;10683,09;23900
TELAS;ALHAMBRA;AL09-021;TELA ART 855 VOILE DE HILO 3.00;8390,14;18800
TELAS;ALHAMBRA;AL09-022;TELA ART 899 CLOTH  3.00;15311,34;34300
TELAS;ALHAMBRA;AL09-023;TELA ART 900 CLOTH PREMIUM 3.00;22380,16;50100
TELAS;ALHAMBRA;AL09-024;TELA ART 1032 LINO RUSTICO 3.00;13699,62;30700
TELAS;ALHAMBRA;AL09-025;TELA ART 1034 LORSON FSIA 3.00;10611,7;23700
TELAS;ALHAMBRA;AL09-026;TELA ART 1039 VOILE RUSTICO LINO 3.00;10309,2;23100
TELAS;ALHAMBRA;AL09-027;TELA ART 1040 VOILE LINO 3.00;11536,14;25800
TELAS;ALHAMBRA;AL09-028;TELA ART 1064 VOILE FSIA BARI 2.90;9924,42;22200
TELAS;ALHAMBRA;AL09-029;TELA ART 1068 STREGA 3.00;10610,49;23700
TELAS;ALHAMBRA;AL09-030;TELA ART 1280 BAMBULA DE 2.30;6945,4;15500
TELAS;ALHAMBRA;AL09-031;TELA ART 1282 BAMBULA  2.80;8557,12;19100
TELAS;ALHAMBRA;AL09-032;TELA ART 1286 ISADORA 2.80;14746,27;33000
TELAS;ALHAMBRA;AL09-033;TELA ART 1301 GASA PORTOBELLO 2.90;10268,06;23100
TELAS;ALHAMBRA;AL09-034;TELA ART 1319 OXFORD 2.80;19326,12;43300
TELAS;ALHAMBRA;AL09-035;TELA ART 1498 MOGA CRASH 2.70;15204,86;34000
TELAS;ALHAMBRA;AL09-036;TELA ART 1538 ALDINA 3.00;10254,75;22900
TELAS;ALHAMBRA;AL09-037;TELA ART 1577 YALA FANTASIA 3.00;12212,53;27400
TELAS;ALHAMBRA;AL09-038;TELA ART 1643 POMPOM 3.00;10935,98;24500
TELAS;ALHAMBRA;AL09-039;TELA ART 1670 LIMURI 3.00;12392,82;27800
TELAS;ALHAMBRA;AL09-040;TELA ART 1832 CASCAIS CON LINO 3.00;14718,44;33000
TELAS;ALHAMBRA;AL09-041;TELA ART 1880 GASA CON CHENIL 3.00;9188,74;20600
TELAS;ALHAMBRA;AL09-042;TELA ART 1950 TORINO 1.40;9913,53;22200
TELAS;ALHAMBRA;AL09-043;TELA ART 2085 MODENA 2.80;41843,01;93800
TELAS;ALHAMBRA;AL09-044;TELA ART 2090 ELVIS 2.90;41976,11;94100
TELAS;ALHAMBRA;AL09-045;TELA ART 2150 ETAMIN SHIREFF 3.00;28072;62900
TELAS;ALHAMBRA;AL09-046;TELA ART 2209 CRETONA PLUS 3.00;10654,05;23800
TELAS;ALHAMBRA;AL09-047;TELA ART 2707 CERDE헤  2.80 de Alhambra;41421,93;93200
TELAS;ALHAMBRA;AL09-048;TELA ART 2977 JOY 3.00;7815,39;17500
TELAS;ALHAMBRA;AL09-049;TELA ART 2978   TIGER   3.00;6466,24;14500
TELAS;ALHAMBRA;AL09-050;TELA ART 3177  NOIA 2.80;7056,72;15800
TELAS;ALHAMBRA;AL09-051;TELA ART 3323 VOILE LISO COLOR 3.00;4409,24;9900
TELAS;ALHAMBRA;AL09-052;TELA ART 4299 TRIPLE DORADO 3.00;8096,11;18100
TELAS;ALHAMBRA;AL09-053;TELA ART 4415 RUSTICO DOTS 3.00;10598,39;23700
TELAS;ALHAMBRA;AL09-054;TELA ART 5030 VOILE CINTON 3.00;9493,66;21300
TELAS;ALHAMBRA;AL09-055;TELA ART 5063 GRAVITY COTTON 2.40;9671,53;21700
TELAS;ALHAMBRA;AL09-056;TELA ART 5099 VOILE RUSTICO ALEZIO 3.00;12639,66;28300
TELAS;ALHAMBRA;AL09-057;TELA ART 5120 MUSELINA FLAME 3.00;7835,96;17500
TELAS;ALHAMBRA;AL09-058;TELA ART 5138 ARPILLERA 2.90;0;0
TELAS;ALHAMBRA;AL09-059;TELA ART 5153 VOILE LINO CON CHENIL 3.00;14718,44;33000
TELAS;ALHAMBRA;AL09-060;TELA ART 5154 VOILE LINO CON CHENIL 3.00;14718,44;33000
TELAS;ALHAMBRA;AL09-061;TELA ART 5218   DA 18   3.00;5899,96;13200
TELAS;ALHAMBRA;AL09-062;TELA ART 5249   POPY  2.80;6102,03;13600
TELAS;ALHAMBRA;AL09-063;TELA ART 5375  MELANGE  2.90;0;0
TELAS;ALHAMBRA;AL09-064;TELA ART 5415 GASA ARRUGADA 2.70;9254,08;20800
TELAS;ALHAMBRA;AL09-065;TELA ART 5614  VOILE LUCCA 3.00;9901,43;22200
TELAS;ALHAMBRA;AL09-066;TELA ART 5622 ORGANZA DE LINO 2.70;9786,48;21900
TELAS;ALHAMBRA;AL09-067;TELA ART 5626 GASA BAMBOO 2.80;11971,74;26800
TELAS;ALHAMBRA;AL09-068;TELA ART 5921 RUSTICO LISO 2.80;13215,62;29600
TELAS;ALHAMBRA;AL09-069;TELA ART 5922 RUSTICO PACORA 2.80;14706,34;32900
TELAS;ALHAMBRA;AL09-070;TELA ART 5927 RUSTICO LISO 2.80;10197,88;22800
TELAS;ALHAMBRA;AL09-071;TELA ART 5938 LINO POL / VISCOSA 2.80;9199,63;20600
TELAS;ALHAMBRA;AL09-072;TELA ART 5957 LINO RAYADO 2.80;12888,92;28900
TELAS;ALHAMBRA;AL09-073;TELA ART 5958 LINO RAYADO 2.80;13393,49;30000
TELAS;ALHAMBRA;AL09-074;TELA ART 5960 LINO BUTONE 2.80;10212,4;22900
TELAS;ALHAMBRA;AL09-075;TELA ART 5962 LINO BUTONE RAYADO 2.80 (NO HAY);8807,59;0
TELAS;ALHAMBRA;AL09-076;TELA ART 6033 LINO RAYAS COLOR 2.80;11549,45;25900
TELAS;ALHAMBRA;AL09-077;TELA ART 6036 LINO LISO COMPOSE 2.80;10270,48;22900
TELAS;ALHAMBRA;AL09-078;TELA ART 6165 PORTEVEDRA 2.80;13234,98;29700
TELAS;ALHAMBRA;AL09-079;TELA ART 6421  CASASOLA  2.80;7096,65;15900
TELAS;ALHAMBRA;AL09-080;TELA ART 6422  DURUERO  2.80;7806,92;17500
TELAS;ALHAMBRA;AL09-081;TELA ART 6511 HILO FANTASIA 3.00;7786,35;17400
TELAS;ALHAMBRA;AL09-082;TELA ART 7455 VOILE FLAME 3.00;22417,67;50300
TELAS;ALHAMBRA;AL09-083;TELA ART 7511 HILO CRASH FSIA 2.80;12340,79;27700
TELAS;ALHAMBRA;AL09-084;TELA ART 7635 GASA COLOR 2.80;13842,4;31000
TELAS;ALHAMBRA;AL09-085;TELA ART 7934  TELA BELGICA  3.00;21535,58;48200
TELAS;ALHAMBRA;AL09-086;TELA ART 13045  FRANCESCA  2.80;22810,92;51100
TELAS;ALHAMBRA;AL09-087;TELA ART 20220 ORGANZA LINO 100% 3.00;66380,6;148800
TELAS;ALHAMBRA;AL09-089;BLACK OUT  ART 426  BASIC 100% 2.80;20170,7;45300
TELAS;ALHAMBRA;AL09-090;BLACK OUT  ART 511  DUO LUCA  2.80;29649,84;66400
TELAS;ALHAMBRA;AL09-091;BLACK OUT  ART 644  DUO TRAMA  2.80;24740,87;55400
TELAS;ALHAMBRA;AL09-092;BLACK OUT  ART 715  DUO PLANO  2.80;20856,77;46700
TELAS;ALHAMBRA;AL09-093;BLACK OUT  ART 1083  SUN OUT SHANTUG 2.80;15592,06;34900
TELAS;ALHAMBRA;AL09-094;BLACK OUT  ART 1350  GARDENIA  1.40;18987,32;42600
TELAS;ALHAMBRA;AL09-095;BLACK OUT  ART 1355  GARDENIA 2.80;37989,16;85100
TELAS;ALHAMBRA;AL09-096;BLACK OUT  ART 1381 CAMUSSA 100% 2,80;33546,04;75200
TELAS;ALHAMBRA;AL09-097;BLACK OUT  ART 1748  SPRING 100% 1.43;15502,52;34700
TELAS;ALHAMBRA;AL09-098;BLACK OUT  ART 1750  SPRING 100% 2.80;31009,88;69400
TELAS;ALHAMBRA;AL09-099;TELA ART 166 GABARDINA 6 OZ  1.60;4026,88;9000
TELAS;ALHAMBRA;AL09-100;TELA ART 168 GABARDINA 8 OZ  1.60;5020,29;11200
TELAS;ALHAMBRA;AL09-101;TELA ART 280 PERCAL 144 HILOS  2.90;5972,56;13300
TELAS;ALHAMBRA;AL09-102;TELA ART 296 PERCAL 180 HILOS  2.95;8430,07;18900
TELAS;ALHAMBRA;AL09-103;TELA ART 1232 TUSOR FOLK LISO 2.70;11770,88;26400
TELAS;ALHAMBRA;AL09-104;TELA ART 1288 TUSOR FOLK RAYADO 2.70;12985,72;29100
TELAS;ALHAMBRA;AL09-105;TELA ART 1291 TUSOR FOLK PUNTADA 2.70;12985,72;29100
TELAS;ALHAMBRA;AL09-106;TELA ART 1292 TUSOR FIDO 2.80;12934,9;29000
TELAS;ALHAMBRA;AL09-107;TELA ART 1293 TUSOR OSLO 2.80;13270,07;29700
TELAS;ALHAMBRA;AL09-108;TELA ART 1462  PANAMA  2.90;13583,46;30400
TELAS;ALHAMBRA;AL09-109;TELA ART 1614  MADRAZ  3.00;12953,05;29000
TELAS;ALHAMBRA;AL09-110;TELA ART 1633 ACRILON LISO ART 1634 RAYAS 2.80;16397,92;36700
TELAS;ALHAMBRA;AL09-111;TELA ART 1634 ACRILON RAYADO 2.80;16397,92;36700
TELAS;ALHAMBRA;AL09-112;TELA ART 2847  URBANO  3.00;14913,25;33400
TELAS;ALHAMBRA;AL09-113;TELA ART 3250 PREMIUM JAQUARDS 2.80;20092,05;45000
TELAS;ALHAMBRA;AL09-114;TELA ART 3465  GROS LISO  3.00;8444,59;18900
TELAS;ALHAMBRA;AL09-115;TELA ART 5076 WRINKLE MIL RAYAS 2.70;10788,36;24200
TELAS;ALHAMBRA;AL09-116;TELA ART 5077 WRINKLE LISO 2.70;10447,14;23400
TELAS;ALHAMBRA;AL09-117;TELA ART 5091 NOIA WASHED 1.60;9687,26;21500
TELAS;ALHAMBRA;AL09-118;TELA ART 5092 CORU헤 WASHED 1.60;9687,26;21600
TELAS;ALHAMBRA;AL09-119;TELA ART 5093 BETANZOS WASHED 1.60;9687,26;21600
TELAS;ALHAMBRA;AL09-120;TELA ART 5126 COTTON CRASH CUADROS 1.40;8166,29;18300
TELAS;ALHAMBRA;AL09-121;TELA ART 5434 TUSOR CUADROS  2.70;13002,66;29100
TELAS;ALHAMBRA;ALALA;TELA ART 5400 TUSOR 2.70;13002,66;29100
TELAS;ALHAMBRA;AL09-122;TELA ART 5763 COTTON CRASH 2.60;12750,98;28500
TELAS;ALHAMBRA;AL09-123;TELA ART 5956 LINO POLIESTER PESADO 1.50;12276,66;27500
TELAS;ALHAMBRA;AL09-124;TELA ART 5969 LINO BAYONA 1.40;12671,12;28400
TELAS;ALHAMBRA;AL09-125;TELA ART 5970 LINO NAVARRA 1.40;11205,81;25100
TELAS;ALHAMBRA;AL09-126;TELA ART 9010  MILANO LISO  2.80;13803,68;30900
TELAS;ALHAMBRA;AL09-127;TELA ART 9062   RICCIA   2.80;13804,89;30900
TELAS;ALHAMBRA;AL09-128;TELA ART 9064   BOJANO   2.80;13804,89;30900
TELAS;ALHAMBRA;AL09-129;TELA ART 1409 PAPIRO 2.80;12985,72;29100
TELAS;ALHAMBRA;AL09-130;TELA ART 1411 PAPIRO GUARDAS 2.80;13916,21;31200
TELAS;ALHAMBRA;AL09-131;TELA ART 1417 ALMENDRA 1.50;13698,41;30700
TELAS;ALHAMBRA;AL09-132;TELA ART 1418 KANPUR 1.50;17737,39;39700
TELAS;ALHAMBRA;AL09-133;TELA ART 14XX MINORI 1.50;15312,55;34300
TELAS;ALHAMBRA;AL09-134;TELA ART 1438 LUMA 1.50;14126,75;31600
TELAS;ALHAMBRA;AL09-135;TELA ART 1441 LUCHI LISO 2.80;12062,49;27100
TELAS;ALHAMBRA;AL09-136;TELA ART 1445 AZUMI RAYA 2.80;12062,49;27100
TELAS;ALHAMBRA;AL09-137;TELA ART 1450 GREICY 1.50;10980,75;24600
TELAS;ALHAMBRA;AL09-138;TELA ART 1452 NINAV 1.50;16418,49;36900
TELAS;ALHAMBRA;AL09-139;TELA ART 1460 SURAT 1.50;14078,35;31500
TELAS;ALHAMBRA;AL09-140;TELA ART 1478 MARSALA DOBLE FAZ 2.80;18992,16;42600
TELAS;ALHAMBRA;AL09-141;TELA ART 3375   RAMPUR   2.85;31954,89;71600
TELAS;ALHAMBRA;AL09-142;TELA ART 3400 SHEEP 1.30;20739,4;46400
TELAS;ALHAMBRA;AL09-143;TELA ART 3545  SIEMBRA  1.30;12691,69;28400
TELAS;ALHAMBRA;AL09-144;TELA ART 3546   TABA   1.30;15703,38;35200
TELAS;ALHAMBRA;AL09-145;TELA ART 3549   CIRILO   1.30;14464,34;32400
TELAS;ALHAMBRA;AL09-146;TELA ART 3551   CEIBO   1.30;16764,55;37500
TELAS;ALHAMBRA;AL09-147;TELA ART 3553   RED   1.30;14905,99;33400
TELAS;ALHAMBRA;AL09-148;TELA ART 3663   CALVIN   1.30;12466,63;27900
TELAS;ALHAMBRA;AL09-149;TELA ART 3735   PHILIPPA   2.65;19345,48;43300
TELAS;ALHAMBRA;AL09-150;TELA ART 3740   AIREADO   2.80;20825,31;46700
TELAS;ALHAMBRA;AL09-151;TELA ART 466 BORDADO VALENTINA XL VOILE 3.00;9914,74;22300
TELAS;ALHAMBRA;AL09-152;TELA ART 467 BORDADO VALENTINA XL HILO 3.00;11491,37;25700
TELAS;ALHAMBRA;AL09-153;TELA ART 468 BORDADO FRONDA XL VOILE 3.00;9914,74;22200
TELAS;ALHAMBRA;AL09-154;TELA ART 469 BORDADO AIMEE HILO 3.00;11491,37;25700
TELAS;ALHAMBRA;AL09-155;TELA ART 471 BORDADO AUGUSTA XL HILO 2.80;11491,37;25700
TELAS;ALHAMBRA;AL09-156;TELA ART 472 BORDADO PERLA XL VOILE 3.00;9914,74;22200
TELAS;ALHAMBRA;AL09-157;TELA ART 473 BORDADO PERLA HILO 2.80;11491,37;25700
TELAS;ALHAMBRA;AL09-158;TELA ART 475 BORDADO ALLEGRA HILO 3.00;11491,37;25700
TELAS;ALHAMBRA;AL09-159;TELA ART 477 BORDADO DANNA 478 AINOA HILO 3.00;11491,37;25700
TELAS;ALHAMBRA;AL09-160;TELA ART 479 BORDADO AINOA VOILE 3.00;9914,74;22200
TELAS;ALHAMBRA;AL09-161;TELA ART 481 BORDADO SINFIN VOILE 3.00;9914,74;22200
TELAS;ALHAMBRA;AL09-162;TELA ART 483 BORDADO WINSTON HILO  3.00;11491,37;25700
TELAS;ALHAMBRA;AL09-163;TELA ART 790 TERCIOPELO VETEADO 1.50;38352,16;85900
TELAS;ALHAMBRA;AL09-164;TELA ART 3290 IRUN  2.80;89466,19;200500
TELAS;ALHAMBRA;AL09-165;TELA ART 3511 ARPEGGIO 1.40;59340,82;133000
TELAS;ALHAMBRA;AL09-166;TELA ART 3590 GRECO 2.80;82876,53;185800
TELAS;ALHAMBRA;AL09-167;TELA ART 3622 PINOT 1.40;41633,68;93300
TELAS;ALHAMBRA;AL09-168;TELA ART 3750 ARGOT  2.80;61788,65;138500
TELAS;ALHAMBRA;AL09-169;TELA ART 128  SPAZIO LINO  1.45;16822,63;37700
TELAS;ALHAMBRA;AL09-170;TELA ART 435 MILAN  1.40;14037,21;31400
TELAS;ALHAMBRA;AL09-171;TELA ART 440  LISBOA LINO 1.40;21418,21;48000
TELAS;ALHAMBRA;AL09-172;TELA ART 1322  RAMBLA LINO  1.40;17230,4;38600
TELAS;ALHAMBRA;AL09-173;TELA ART 1520 CHISPA LINO 1,45;17446,99;39200
TELAS;ALHAMBRA;AL09-174;TELA ART 1960  NATIVO LINO 2.80;12896,18;28900
TELAS;ALHAMBRA;AL09-175;TELA ART 2100 LINO VIENA 1.42;0;0
TELAS;ALHAMBRA;AL09-176;TELA ART 3086 MAIDER 1.40;23993,09;53800
TELAS;ALHAMBRA;AL09-177;TELA ART 3158 PIVON LISO STONE 1.40;20706,73;46400
TELAS;ALHAMBRA;AL09-178;TELA ART 3390 STONE WASHED COTTON 1.40;17967,29;40300
TELAS;ALHAMBRA;AL09-179;TELA ART 8243 SAILOR  3.00;12479,94;28000
TELAS;ALHAMBRA;AL09-180;TELA ART 8500 RAFIA JAQUARD 2.80;13715,35;30700
TELAS;ALHAMBRA;AL09-181;TELA ART 14106 OLYMPIC 1.40;25119,6;56300
TELAS;ALHAMBRA;AL09-182;TELA ART 14250 MAURE 1.40;7586,7;17000
TELAS;ALHAMBRA;AL09-183;TELA ART 14391 CIAO 1.40;11374;25500
TELAS;ALHAMBRA;AL09-184;PANA ART 450 AMBERES 1.40;9050,8;20300
TELAS;ALHAMBRA;AL09-185;TELA ART 470  PANA NAIROBI  1.40L;10678,25;23900
TELAS;ALHAMBRA;AL09-186;TELA ART 480  PANA MOSCU  1.40;11814,44;26500
TELAS;ALHAMBRA;AL09-187;TELA ART 700  PANA ANABELLA  1.40;16402,76;36700
TELAS;ALHAMBRA;AL09-188;TELA ART 1429  PANA THOR  1.40;19178,5;43000
TELAS;ALHAMBRA;AL09-189;TELA ART 1487  PANA BRANDO  1.40;12765,5;28600
TELAS;ALHAMBRA;AL09-190;TELA ART 1496 PANA CORDER 1.40;17133,6;38400
TELAS;ALHAMBRA;AL09-191;TELA  ART 4015 PANA TENDA  1.40;8220,74;18500
TELAS;ALHAMBRA;AL09-192;TELA ART 11286 PANA PANNE 1.45;21513,8;48200
TELAS;ALHAMBRA;AL09-193;TELA ART 12020 PANA DONN 1.50;15013,68;33600
TELAS;ALHAMBRA;AL09-194;TELA ART 12272 PANA TEQUILA 1.40;16737,93;37500
TELAS;ALHAMBRA;AL09-195;PANA ART 12745 MECHA 1.45;19176,08;43000
TELAS;ALHAMBRA;AL09-196;TELA ART 13029 PANA BELLA ACQUA CLEAN 1.45;22034,1;49400
TELAS;ALHAMBRA;AL09-197;TELA ART 13895 PANA ANGUS 1.40;17571,62;39300
TELAS;ALHAMBRA;AL09-198;TELA ART 13907 PANA COTTON 1.40;14461,92;32400
TELAS;ALHAMBRA;AL09-199;TELA ART 13915 PANA DIVA 1.40;10450,77;23400
TELAS;ALHAMBRA;AL09-200;SIMIL CUERO ART 430  MADRID  1.40;20665,59;46300
TELAS;ALHAMBRA;AL09-201;SIMIL CUERO ART 14067  TORINO PU 1.45;13185,37;29500
TELAS;ALHAMBRA;AL09-202;TELA ART 1708 DRY CANVAS EXTERIOR 1.50;13993,65;31300
TELAS;ALHAMBRA;AL09-203;TELA ART 1720 MARINA OUTDOOR 1.40;26309,03;59000
TELAS;ALHAMBRA;AL09-204;TELA ART 1735 DUNA OUTDOOR 1.40;31286,97;70200
TELAS;ALHAMBRA;AL09-205;TELA ART 13953 HABANA EXTERIOR 1.50;31218;70000
TELAS;ALHAMBRA;AL09-206;TELA ART 3520 Jaquards Evora  3.00;17272,75;38700
TELAS;ALHAMBRA;AL09-207;TELA ART 6361 Jaquard Lola Liso 1.40;9055,64;20300
TELAS;ALHAMBRA;AL09-208;TELA ART 6372 Jaquard Lola Fajas 1.40;9055,64;20300
TELAS;ALHAMBRA;AL09-209;Jaquards Art 8187 Rizo 8193 Capullo 8194 Linde 8206 Fronda  3.10;15786,87;35400
TELAS;ALHAMBRA;AL09-210;Jaquards Art 8240 AUZAT  3.00;16371,3;36700
TELAS;ALHAMBRA;AL09-211;Jaquard ART 8241 LOGRON 3.00;16371,3;36700
TELAS;ALHAMBRA;AL09-212;TELA ART 9488 PROVENCE JAQUARD 1.50;11115,06;24900
TELAS;ALHAMBRA;AL09-213;TELA ART 12485 JAQUARD MIXTURE 2.80;0;0
TELAS;ALHAMBRA;AL09-214;TELA ART 12485 JAQUARD MIXTURE 1.40;0;0
TELAS;ALHAMBRA;AL09-215;TELA ART 12494 JAQUARD POST 2.80;0;0
TELAS;ALHAMBRA;AL09-216;TELA ART 12498 JACARD HIPPIE CHIC 2.80;0;0
TELAS;ALHAMBRA;AL09-217;TELA ART 12498 JAQUARD HIPPIE CHIC 1.40;0;0
TELAS;ALHAMBRA;AL09-218;TELA ART 12503 JAQUARD ELSA 2.80;0;0
TELAS;ALHAMBRA;AL09-219;Jaquards Star Art 12595 Flor 12597 Chevron 12598 Raya  1.40;12201,64;27300
TELAS;ALHAMBRA;AL09-220;TELA ART 12860 JAQUARD ROSS RAYA 1.40;0;0
TELAS;ALHAMBRA;AL09-221;TELA ART 12861 JAQUARD ROSS LISO 1.40;0;0
TELAS;ALHAMBRA;AL09-222;TELA ART 13030 JAQUARD GALYA CHEVRON 1.40;12586,42;28200
TELAS;ALHAMBRA;AL09-223;TELA ART 13031 JAQUARD GALYA DAMASCO 1.40;12586,42;28200
TELAS;ALHAMBRA;AL09-224;TELA ART 13044  GALYA LISO E  1.40;12586,42;28200
TELAS;ALHAMBRA;AL09-225;TELA ART 13112  GALYA LISO  1.40;12586,42;28200
TELAS;ALHAMBRA;AL09-226;TELA ART 13123   PREGO   1.40;9381,13;21000
TELAS;ALHAMBRA;AL09-227;TELA ART 13356  KALI LISO  1.40;8949,16;20000
TELAS;ALHAMBRA;AL09-228;TELA ART 13486  KALI GEO Doble Faz 1.40;13798,84;30900
TELAS;ALHAMBRA;AL09-229;TELA ART 1212 LINO TABARCA  2.80;20010,98;44900
TELAS;ALHAMBRA;AL09-230;TELA ART 1521 MALEK LISO 1.40;9816,73;22000
TELAS;ALHAMBRA;AL09-231;TELA ART 1522 COLECCION MALEK 1.40;8460,32;18900
TELAS;ALHAMBRA;AL09-232;TELA ART 2855 SARGA UNNI 1.60;22731,06;51000
TELAS;ALHAMBRA;AL09-233;TELA ART 2990 CULLA ESTAMPADO 2.80;57063,6;127900
TELAS;ALHAMBRA;AL09-234;TELA ART 3160   JALISCO   2.80;57274,14;128400
TELAS;ALHAMBRA;AL09-235;TELA ART 3210 Estampado Digital TAHITI 2.80;0;0
TELAS;ALHAMBRA;AL09-236;TELA ART 3211 Estampado Digital MALDIVAS 2.80;0;0
TELAS;ALHAMBRA;AL09-237;TELA ART 3240 PREMIUM ESTAMPADO 2.80;16072,43;36000
TELAS;ALHAMBRA;AL09-238;TELA ART 3245 PREMIUM ESTAMPADO 1.40;9856,66;22100
TELAS;ALHAMBRA;AL09-239;TELA ART 13935  VITO SPAZIO 1.40;20033,97;44900
TELAS;ALHAMBRA;AL09-240;TELA ART 13948  STONEWASHED 1.40;12954,26;29000
TELAS;ALHAMBRA;AL09-241;TELA ART 3970 CHENIL COIMBRA LISO 2.80;11282,04;25400
TELAS;ALHAMBRA;AL09-242;TELA ART 3971 CHENIL COIMBRA CINTAS 2.80;13084,94;29300
ALFOMBRAS;ATLANTIS;AT10-03;ALFOMBRA RAPID II BOUCLE  ancho 4mt xM2;12112,1;23600
ALFOMBRAS;ATLANTIS;AT10-04;ALFOMBRA TRUCK BOUCLE ancho 4mt xM2;13176,9;25200
ALFOMBRAS;ATLANTIS;AT10-05;ALFOMBRA CLASSIC N/ANTRON ancho 4mt xM2;24836,46;47200
ALFOMBRAS;ATLANTIS;AT10-06;AFLOMBRA ELITE N/ANTRON ancho 4mt xM2;29335,24;55900
ALFOMBRAS;ATLANTIS;AT10-07;ALFOMBRA ELITE PLUS ancho 4mt xM2;34013,1;64700
ALFOMBRAS;ATLANTIS;AT10-08;ALFOMBRA STAR ANTRON ancho 4mt xM2;46917,75;89200
ALFOMBRAS;ATLANTIS;AT10-09;ALFOMBRA TWIST 9 ANTRON III ancho 3.66/4mt xM2;23478,84;44700
ALFOMBRAS;ATLANTIS;AT10-10;ALFOMBRA COLORES N/ANTRON ancho 4mt xM2;30213,7;57400
ALFOMBRAS;ATLANTIS;AT10-11;ALFOMBRA MISTRAL ANTRON ancho 4mt xM2;33807,4;64200
ALFOMBRAS;ATLANTIS;AT10-12;CESTED MULTISPORT EXTERIOR 25mm ancho4mt xM2;13028,07;24700
TELAS;BIABREN;BB10-001;SJ22 2842  URBANO JACQUARD 3.10;14450;42400
TELAS;BIABREN;BB10-002;AV22 1212 SAN CRISTOBAL Lino 3.00;22726,22;49600
TELAS;BIABREN;BB10-003;CV22 1146 MARBELLA Gasa Lino 2.70;11451,44;25100
TELAS;BIABREN;BB10-004;CV22 1360 MUSELINA DE HILO 3.00;12015,3;26300
TELAS;BIABREN;BB10-005;CV22 1376 LINO PESADO Voile Lino 3.00;16746,4;36600
TELAS;BIABREN;BB10-006;CV22 1451 GASA SUIZA Gasa Nacar 2.90;11560,34;25200
TELAS;BIABREN;BB10-007;CV22 1454 PUSHKAR Gasa Poliester 2.80;14415,94;31500
TELAS;BIABREN;BB10-008;CV22 5711 MANCORA Voile Lino 3.00;13193,84;28800
TELAS;BIABREN;BB10-009;CV22 6741 LINO LIVIANO Voile Lino 3.00;14201,77;31000
TELAS;BIABREN;BB10-010;DV22 0760 760 SHANGAI Voile Shantung 2.80;15893,35;34700
TELAS;BIABREN;BB10-011;DV22 1830 SEVILLA Lino 3.00;13830;40100
TELAS;BIABREN;BB10-012;DV22 3344 BOHOL Hilo Fantasia 3.00;12201,64;26600
TELAS;BIABREN;BB10-013;FV22 5960 LINO BUTONE Voile Lino 3.00;10920,25;23800
TELAS;BIABREN;BB10-014;FV22 6004 Tejin Liso FV22 6005 Tejin Rayado  2.80;8851,15;22500
TELAS;BIABREN;BB10-015;FV22 6035 TAYRONA Rayado Lino 2.80;12786,07;27900
TELAS;BIABREN;BB10-016;FV22 7819 MONTEVIDEO Lino 3.00;17616,39;38500
TELAS;BIABREN;BB10-017;FV22 7157 TURQUIA Lino Rustico 2.80;11879,78;25900
TELAS;BIABREN;BB10-018;FV22 7635 MANOLIA Voile Poliester 3.00;11113,85;24300
TELAS;BIABREN;BB10-019;JV22 4416 SORRENTO Lino 3.00;14695,45;32100
TELAS;BIABREN;BB10-020;MV22 H151 PORTO ALEGRA Voile Crash 3.00;16061,54;35100
TELAS;BIABREN;BB10-021;NA12 0234 MUSELINA Voile Rustico 3.00;7779,09;17000
TELAS;BIABREN;BB10-022;NB12 0260 BATISTA Voile Hilo 3.00;7184,98;15700
TELAS;BIABREN;BB10-023;NV22 0172 TURQUESA Voile Fantasia 3.00;6864,33;15000
TELAS;BIABREN;BB10-024;NV22 0242 FASINANTE Voile Facetado 3.00;5656,75;12300
TELAS;BIABREN;BB10-025;NV22 0245 IDEAL Voile Fantasia 3.00;6039,11;13200
TELAS;BIABREN;BB10-026;NV22 0299 TRIPLE DORADO Voile Liso 3.00;7207,97;15700
TELAS;BIABREN;BB10-027;NV22 0303 ONIX Voile Crepe 3.00;7491,11;16300
TELAS;BIABREN;BB10-028;NV22 0357 NEVADO Voile Fantasia 3.00;5886,65;12800
TELAS;BIABREN;BB10-029;NV22 0380 CREPPE Voile Fantasia 3.00;6880,06;15000
TELAS;BIABREN;BB10-030;NV22 0386 LISSETE Voile Fantasia 3.00;6039,11;13200
TELAS;BIABREN;BB10-031;NV22 0515 CRASH Voile Amasado 3.00;6100,82;13300
TELAS;BIABREN;BB10-032;NV22 0549 MANDIA Voile Texturado 3.00;6802,62;14900
TELAS;BIABREN;BB10-033;NV22 0575 TICINO Voile Texturado 3.00;8408,29;18400
TELAS;BIABREN;BB10-034;NV22 0577 VOILE TRIPLE PLATEADO 3.00;6192,78;13500
TELAS;BIABREN;BB10-035;NV22 0620 CREPILO Voile Fantasia 3.00;7491,11;16300
TELAS;BIABREN;BB10-036;NV22 0947 CANCUN Voile Muselina 3.00;8223,16;18000
TELAS;BIABREN;BB10-037;NV22 0948 SAINT MARTIN Voile Texturado 3.00;8263,09;18000
TELAS;BIABREN;BB10-038;NV22 1044 GRANVILLE Voile Baston 3.00;5810,42;12700
TELAS;BIABREN;BB10-039;NV22 1148 IBERIA Voile Muselina 3.00;8636,98;18800
TELAS;BIABREN;BB10-040;NV22 1209 CRETONA Voile Tramado 3.00;9960,72;21800
TELAS;BIABREN;BB10-041;NV22 1300 FLORENCIA Voile Rustico 3.00;9556,58;20900
TELAS;BIABREN;BB10-042;NV22 1710 VIGO Muselina Facetada 3.00;8636,98;18800
TELAS;BIABREN;BB10-043;MV22 3034 Valencia Liso MV22 3035 Rayado  2.80;13980,34;30500
TELAS;BIABREN;BB10-044;XV22 0865 AMAICHA Gasa Lino 2.90;17393,75;38000
TELAS;BIABREN;BB10-045;XV22 0866 IRUYA Gasa Hilo 2.90;11596,64;25400
TELAS;BIABREN;BB10-046;MV21 B928 RUEDAS Voile Hilo 3.00;14517,58;31700
TELAS;BIABREN;BB10-047;MV21 B1028 ESPIRAL Voile Hilo 3.00;12709,84;27800
TELAS;BIABREN;BB10-048;MV21 B1128 LIBELULA Voile Hilo 3.00;11989,89;26200
TELAS;BIABREN;BB10-049;MV21 B1228 JARDIN Voile Hilo Bordado 3.00;11989,89;26200
TELAS;BIABREN;BB10-050;MV21 B1528 ROSAS Voile Hilo 3.00;15253,26;33300
TELAS;BIABREN;BB10-051;MV21 B1728 LABERINTO Voile Hilo 3.00;15250,84;33300
TELAS;BIABREN;BB10-052;MV21 B1928 CARDON Voile Hilo Bordado 3.00;11989,89;26200
TELAS;BIABREN;BB10-053;MV21 B2328 INSOMNIO Voile Hilo 3.00;15250,84;33300
TELAS;BIABREN;BB10-054;MV21 P2128 PEDRERA Gasa Polivelo 3.00;20484,09;44700
TELAS;BIABREN;BB10-055;AK10 0557 BLACK OUT WASCH Lavable 1.40;12154,45;26500
TELAS;BIABREN;BB10-056;AK12 0556 BLACK OUT WASH Lavable 2.80;25894;56500
TELAS;BIABREN;BB10-058;IK12 740 BLACK OUT CHINO 2.80;23527,24;51400
TELAS;BIABREN;BB10-059;IK20 L740 BLACK OUT LINO 1.40;15527,93;34000
TELAS;BIABREN;BB10-060;IK22 L740 LINO BLACK OUT LINO  2.80;31520,5;68800
TELAS;BIABREN;BB10-061;XK10 5198 BLACK OUT TEJIDO Lavable 1.40;12852,62;28200
TELAS;BIABREN;BB10-062;XK22 8125 BLACK OUT COZUMEL Lavable 2.80;29747,85;65700
TELAS;BIABREN;BB10-063;SJ22 2887 2911 TULUM Tapicero 3.10;16226,1;35600
TELAS;BIABREN;BB10-064;MP32 0007 AL 0010 PANAMA Pesado 2.80;32498,18;71100
TELAS;BIABREN;BB10-065;NG12 1705 GROSS Liso 3.00;9333,94;20500
TELAS;BIABREN;BB10-066;CT12 1399 TUSSOR Algodon Acrilico 2.70;14406,26;31500
TELAS;BIABREN;BB10-067;VG12 0144 PINAMAR Gasa Cortinero ancho2.20;8730,15;19000
TELAS;BIABREN;BB10-068;VG12 0244 PINAMAR Gasa Algodon 2.80;11117,48;24300
TELAS;BIABREN;BB10-069;VT12 0154 VALERIA TUSOR Pesado 3.00;14674,88;32000
TELAS;BIABREN;BB10-070;MA30 22943.01 ACQUABLOCK NAUTIC 1.40;26123,9;57100
TELAS;BIABREN;BB10-071;MA30 22957.01 ACQUABLOCK RAYA AZULINO 1.40;26123,9;57100
TELAS;BIABREN;BB10-072;MA30 23012.01 ACQUABLOCK RATAN 1.40;26123,9;57100
TELAS;BIABREN;BB10-073;TP10 0700 PANA ANABELLA AntiMancha 1.40;18521,47;40400
TELAS;BIABREN;BB10-074;WP10 2110 PANA JAGUAR GAMUZADA 1.40;16189,8;35600
PISOS VINILICOS Y DE GOMA;COVIALSA;CO10-01;Baldosa Vinilica Autoadhes. Air Design Golvet 305x305 1.2mm caja4.18mt xM2;0;0
PISOS VINILICOS Y DE GOMA;COVIALSA;CO10-02;PISO VINILICO GOLVET CIRCLES 1.2mm ancho2mt. xM2;0;0
PISOS VINILICOS Y DE GOMA;COVIALSA;CO10-03;PISO VINILICO GOLVET METALLIC 1.2mm ancho2mt. xM2;0;0
PISOS VINILICOS Y DE GOMA;COVIALSA;CO10-04;PISO FLOTANTE NEWTEK CLASSIC AC4  8.3mm caja 2.383m2 xM2;0;0
PISOS VINILICOS Y DE GOMA;COVIALSA;CO10-05;PISO FLOTANTE NEWTEK 2.0 V-GROOVE AC4 8mm caja 2.755m2 xM2;0;0
PISOS VINILICOS Y DE GOMA;COVIALSA;CO10-06;PISO FLOTANTE NEWTEK 2.0 U-GROOVE  12.3mm caja 2.392m2 xM2;0;0
PISOS VINILICOS Y DE GOMA;COVIALSA;CO10-07;ZOCALO NEWTEK 6cm EURO FLOOR terminacion curva tira2.40mt xML;0;0
PISOS VINILICOS Y DE GOMA;COVIALSA;CO10-08;ZOCALO NEWTEK 7.8cm EURO FLOOR terminacion curva tira2.40mt xML;0;0
PISOS VINILICOS Y DE GOMA;COVIALSA;CO10-09;Piso LVT 2mm pvc va pegado caja 3.343m2 tablas vinilicas xM2;0;0
PISOS VINILICOS Y DE GOMA;COVIALSA;CO10-10;Piso LVT 3mm pvc va pegado caja 2,79,m2 tablas vinilicas xM2;0;0
PISOS VINILICOS Y DE GOMA;COVIALSA;CO10-11;Piso LVT 4mm Click caja 2.23m2 tablas vinilicas xM2;0;0
PISOS VINILICOS Y DE GOMA;COVIALSA;CO10-12;Piso LVT 4mm Clik caja 2.60m2 tablas vinilicas xM2;0;0
PISOS VINILICOS Y DE GOMA;COVIALSA;CO10-13;Piso LVT 5.5mm WPC Click caja 1,67m2 tablas vinilicas xM2;0;0
PISOS VINILICOS Y DE GOMA;COVIALSA;CO10-14;PISO SPC 4mm Comercial Click caja1,95m2 tablas vinilicas  xM2;0;0
PISOS VINILICOS Y DE GOMA;COVIALSA;CO10-15;PISO SPC 4mm Transito Intenso caja1.95m2 Click tablas vinilicas xm2;0;0
ZOCALOS DE MADERA;CASETO;CS10-01;CUARTOCA헤 CASETO 15x15 tira2.60 paquete25uni xML;0;0
ZOCALOS DE MADERA;CASETO;CS10-02;RINCONERO CASETO 20x20 tira2.60 paquete25uni xML;0;0
ZOCALOS DE MADERA;CASETO;CS10-03;MOLDURA GUARDASILLA CASETO 9cm tira2.60 paquete25uni xML;0;0
ZOCALOS DE MADERA;CASETO;CS10-04;ESQUINERO CASETO 20x20 tira2.60 paquete25uni xML;0;0
ZOCALOS DE MADERA;CASETO;CS10-05;ZOCALO MOLDURADO CASETO 7.6cm tira2.60 paquete10uni xML;0;0
ZOCALOS DE MADERA;CASETO;CS10-06;ZOCALO MOLDURADO CASETO 6.8cm tira2.60 paquete10uni xML;0;0
ZOCALOS DE MADERA;CASETO;CS10-07;ZOCALO MOLDURADO CASETO 9.2cm tira2.60 paquete9uni xML;0;0
ZOCALOS DE MADERA;CASETO;CS10-08;GUARDASILLA CASETO tira2.60 paquete10uni xML;0;0
ZOCALOS DE MADERA;CASETO;CS10-09;ZOCALO COMUN CASETO 5cm tira2.60 paquete12uni xML;0;0
ZOCALOS DE MADERA;CASETO;CS10-10;ZOCALO COMUN CASETO 6cm tira2.60 paquete12uni xML;0;0
ZOCALOS DE MADERA;CASETO;CS10-11;CONTRAZOCALO CASETO tira2.60 paquete25uni xML;0;0
TELAS;DINA GERADE;DG10-01;TELA CHAPELCO Ancho x 1,40 +Flecos;0;0
TELAS;DINA GERADE;DG10-02;TELA CHANTILLY Ancho x1.40;0;0
TELAS;DINA GERADE;DG10-03;TELA CUZCO Ancho x1,40 +Flecos;0;0
TELAS;DINA GERADE;DG10-04;TELA AZTECA Ancho x1,40 + Fecos;0;0
TELAS;DINA GERADE;DG10-05;TELA TRIGAL Ancho x1,40 +Flecos;0;0
TELAS;DINA GERADE;DG10-06;TELA SAFI III Ancho 1.40 + Fleco;0;0
TELAS;DINA GERADE;DG10-07;TELA ANASTASIA Ancho x1,40 +Flecos;0;0
TELAS;DINA GERADE;DG10-08;TELA WICHI Ancho x1,40 + Flecos;0;0
TELAS;DINA GERADE;DG10-09;TELA SIDU Ancho x1,40 +Flecos;0;0
TELAS;DINA GERADE;DG10-10;TELA PREGO Ancho x1,40;0;0
TELAS;DINA GERADE;DG10-11;TELA TRICOT Ancho x1,40 + Flecos;0;0
TELAS;DINA GERADE;DG10-12;TELA CHANTIL III  Ancho x1.40 + Flecos;0;0
REVESTIMIENTOS PARED;DECOR PAPELL;DP10-01;DECORGLAS  D-45  xML  Tassoglas;2100,56;4400
REVESTIMIENTOS PARED;DECOR PAPELL;DP10-02;TASSOGLAS  N-45  xML;2297,79;4400
REVESTIMIENTOS PARED;DECOR PAPELL;DP10-03;DECORGLAS  D-100 D-110 D-134 D-135  xML  Tassoglas;3642,1;6900
REVESTIMIENTOS PARED;DECOR PAPELL;DP10-04;DECORGLAS  D-85 D-116 D-125 D-165 D-180 D-430 D-480  xML Tassoglas;4455,22;8600
REVESTIMIENTOS PARED;DECOR PAPELL;DP10-05;DECORGLAS  D-109 D-113 D-115 D-118 D-510 D-300  Tassoglas;5463,15;10400
REVESTIMIENTOS PARED;DECOR PAPELL;DP10-06;TASSOGLAS  G-100  G-135  xML;5603,51;10700
REVESTIMIENTOS PARED;DECOR PAPELL;DP10-07;TASSOGLAS  G-125 G-140 G-165 G-180 G-510  xML;6722,76;12900
REVESTIMIENTOS PARED;DECOR PAPELL;DP10-08;TASSOGLAS G-109 112 113 114 115 116 118 119 480 490  xML;7003,48;13200
ADHESIVOS ;DECOR PAPELL;DP10-09;ADHESIVO DECORGLAS 2.5Kg Rinde12m2  Tassoglas;10514,9;19700
PISOS FLOTANTES;DECOR PAPELL;DP10-10;ADHESIVO DECORGLAS 4Kg Rinde20m2 Tassoglas;18634;35400
ADHESIVOS ;DECOR PAPELL;DP10-11;ADHESIVO DECORGLAS 5Kg Rinde25m2  Tassoglas;20364,3;38600
ADHESIVOS ;DECOR PAPELL;DP10-12;ADHESIVO DECORGLAS 10Kg Rinde50m2  Tassoglas;37534,2;71400
PISOS FLOTANTES;DECOR PAPELL;DP10-13;CUSHION FIX MAT PLUS 10mm ancho1,20 precio xML;33618,64;71200
PISOS FLOTANTES;DECOR PAPELL;DP10-14;CUSHION FIXMAT PLUS 12mm ancho1.20  precio xML;42023,3;79600
PISOS FLOTANTES;DECOR PAPELL;DP10-15;CUSHION FIXMAT PLUS 15mm ancho1.20  precio xML;56815,55;107900
PISOS FLOTANTES;DECOR PAPELL;DP10-16;TAPETE FIXMAT Z 5 Cushion 5mm zig zag  1.20 precio xML;36982,44;71200
PISOS FLOTANTES;DECOR PAPELL;DP10-17;TAPETE FIXMAT Z 8 Cushion 8mm zig zag  1.20 precio xML;48748,48;97600
PISOS FLOTANTES;DECOR PAPELL;DP10-18;PROTECTOR BAJO ESCRITORIO 0.90x1.20  pvc transparente;51827,93;109000
REVESTIMIENTOS PARED;DECOR PAPELL;DP10-19;PLACAS 3DWALL PVC placa50x50  Caja3m2  xCAJA;74294;134000
ADHESIVOS ;DECOR PAPELL;DP10-20;Adhesivo 3DWALL x2kg rinde 5-8m2 base acuosa;24224,2;43600
ADHESIVOS ;DECOR PAPELL;DP10-21;Adhesivo 3DWALL x4kg rinde 10-15m2 base acuosa;43124,4;77600
ADHESIVOS ;DECOR PAPELL;DP10-22;Adhesivo 3DWALL x10kg rinde 30-40m2 base acuosa;99558,8;181000
PISOS FLOTANTES;DECOR PAPELL;DP10-23;TAPIZMEL BUCLERONE Boucle ancho2.00  Xm2;4624,62;10200
TELAS;DECORSUR;DS10-001;TURQUESA 172 NIZA   3.00;5627,71;14900
TELAS;DECORSUR;DS10-002;VOILE DORADO 205 NIZA  3.00;3832,07;10100
TELAS;DECORSUR;DS10-003;MUSELINA 234 NIZA   3.00;5960,46;15700
TELAS;DECORSUR;DS10-004;FASCINANTE 242 NIZA  3.00;4630,67;12200
TELAS;DECORSUR;DS10-005;IDEAL 245 NIZA   3.00;4556,86;12000
TELAS;DECORSUR;DS10-006;BATISTA 260 NIZA HILO  3.00;5673,69;18900
TELAS;DECORSUR;DS10-007;ONIX 303 NIZA  3.00;6013,7;15900
TELAS;DECORSUR;DS10-008;VOILE NEVADO 357 NIZA  3.00;4709,32;12400
TELAS;DECORSUR;DS10-009;VOILE CREPPE 380 NIZA  3.00;5561,16;17600
TELAS;DECORSUR;DS10-010;LISETTE 386 NIZA  3.00;4951,32;13000
TELAS;DECORSUR;DS10-011;MANDIA 549 NIZA   3.00;5564,79;14700
TELAS;DECORSUR;DS10-012;TICINO 575 NIZA   3.00;6679,2;17600
TELAS;DECORSUR;DS10-013;VOILE TRIPLE PLATEADO 577 NIZA 3.00;5072,32;13500
TELAS;DECORSUR;DS10-014;CREPILO 620 NIZA  3.00;5960,46;15700
TELAS;DECORSUR;DS10-015;CANCUN 947 NIZA   3.00;6558,2;17300
TELAS;DECORSUR;DS10-016;SAINT MARTIN 948 NIZA  3.00;6503,75;17200
TELAS;DECORSUR;DS10-017;NACAR 1041 NIZA   3.00;6500,12;17200
TELAS;DECORSUR;DS10-018;GRANVILLE 1044 NIZA  3.00;4646,4;12200
TELAS;DECORSUR;DS10-019;IBERIZ 1148 NIZA  3.00;6875,22;18100
TELAS;DECORSUR;DS10-020;BORAX 1217 NIZA  3.00;7480,22;19800
TELAS;DECORSUR;DS10-021;BRONTE 1218 NIZA  3.00;7607,27;20100
TELAS;DECORSUR;DS10-022;CROMITA 1271 NIZA 3.00;7172,88;18900
TELAS;DECORSUR;DS10-023;NORDICA 1280 NIZA  3.00;8058,6;21300
TELAS;DECORSUR;DS10-024;FLORENCIA 1300 NIZA  3.00;7172,88;18900
TELAS;DECORSUR;DS10-025;BAMBU 1517 NIZA  3.00;8051,34;21200
TELAS;DECORSUR;DS10-026;SAKURA 1609 NIZA  3.00;7146,26;18900
TELAS;DECORSUR;DS10-027;POMPON 1643 NIZA  3.00;7531,04;19900
TELAS;DECORSUR;DS10-028;LIMURI LI MURI 1670 NIZA  3.00;8762,82;23100
TELAS;DECORSUR;DS10-029;VERMONT 1683 NIZA  3.00;6872,8;18100
TELAS;DECORSUR;DS10-030;CARTAGENA 1695 NIZA  3.00;6745,75;17800
TELAS;DECORSUR;DS10-031;VIGO 1710 NIZA  3.00;6679,2;17600
TELAS;DECORSUR;DS10-032;VIANA 1714 NIZA  3.00;5827,36;15400
TELAS;DECORSUR;DS10-033;TRIPOLI 1726 NIZA  3.00;6095,98;16200
TELAS;DECORSUR;DS10-034;VENECIA 1803 NIZA   3.00;5656,75;15000
TELAS;DECORSUR;DS10-035;PRAGA 1804 NIZA  3.00;7325,34;19300
TELAS;DECORSUR;DS10-036;ROMA 1806 NIZA  3.00;6737,28;17800
TELAS;DECORSUR;DS10-037;TORMENTA 1830 NIZA  3.00;5656,75;14900
TELAS;DECORSUR;DS10-038;TOLEDO 1833 NIZA  3.00;6990,17;18500
TELAS;DECORSUR;DS10-039;POLIVELO 2037 NIZA  3.00;5561,16;14700
TELAS;DECORSUR;DS10-040;VOILE DE HILO 2041 NIZA 3.00;6053,63;16000
TELAS;DECORSUR;DS10-041;CRETONA CON LINO 2209 NIZA 3.00;7534,67;19900
TELAS;DECORSUR;DS10-042;VOILE TRIPLE DORADO 2994 NIZA 3.00;5728,14;15100
TELAS;DECORSUR;DS10-043;VOILE PLATEADO B/N 3323 NIZA 3.00;3289,99;9000
TELAS;DECORSUR;DS10-044;VOILE PLATEADO COLOR 3323 NIZA 3.00;3465,44;9600
TELAS;DECORSUR;DS10-045;BATISTA CRASH NIZA 4260 B/N  2.85;7359,22;19400
TELAS;DECORSUR;DS10-046;VOILE PLATEADO CRASH 4323 NIZA B/N  2.85;4709,32;13000
TELAS;DECORSUR;DS10-047;BENGALINA LISA NIZA 937 COLOR 1.50;6093,56;16200
TELAS;DECORSUR;DS10-048;LORDI NIZA 1471 1473 1474  ondas liso rayas 2.80;11245,74;29700
TELAS;DECORSUR;DS10-049;RAFIA TROPICAL MECANICO 1691 NIZA 3.00;6305,31;16600
TELAS;DECORSUR;DS10-050;GROS LISO COLOR 1705 NIZA 3.00;7775,46;20500
TELAS;DECORSUR;DS10-051;OTOMAN COLOR 1732 NIZA 3.00;9557,79;25200
TELAS;DECORSUR;DS10-052;RAFIA ALGODON COLOR 1807 NIZA 3.00;9555,37;25200
TELAS;DECORSUR;DS10-053;MADRAS COLOR  1815 NIZA 3.00;9555,37;25200
TELAS;DECORSUR;DS10-054;TELA NATURE NIZA  2.80;10811,35;28500
VARILLAS DE BRONCE;DECORSUR;DS10-058;Varilla BRONCE Linea Esclusiva, VALOR 50%menos que Aluminio similar.;6,05;0
ALFOMBRAS;DECORSUR;DS10-059;Varilla en Rollo ACERO INOXIDABLE 2.5cm  xML;4840;10500
PISOS VINILICOS Y DE GOMA;DECORSUR;DS10-060;Piso Vinilico EXCLUSIVE 150 1.5mm ancho2mt xm2 Decorsur;0;0
PISOS VINILICOS Y DE GOMA;DECORSUR;DS10-061;Piso Vinilico ESSENTIALS 150 1.5mm ancho2mt xm2 Decorsur;0;0
PISOS VINILICOS Y DE GOMA;DECORSUR;DS10-062;Piso Vinilico ESSENTIALS 240 2.4mm ancho2mt xm2 Decorsur;0;0
PISOS VINILICOS Y DE GOMA;DECORSUR;DS10-063;Piso Vinilico EXCLUSIVE 260 2.6mm ancho2mt xm2 Decorsur;0;0
PISOS VINILICOS Y DE GOMA;DECORSUR;DS10-064;Piso Vinilico EXCLUSIVE 300 3.0mm ancho2mt xm2 Decorsur;0;0
TELAS;EMPORIUM;ED10-01;BLACK OUT FOSCURIT EMPORIUM 3.00 Lavable  xML;21076,99;44260
TELAS;EMPORIUM;ED10-02;TELA LIKE LINO 1 4 5 7 8 14 17 19  2.80 xML;13755,28;26920
TELAS;EMPORIUM;ED10-03;TELA LIKE LINO  12  16  18   2.80 xML;13755,28;26920
TELAS;EMPORIUM;ED10-04;TELA LIKE LINO  2  10   2.80 xML;13755,28;26920
TELAS;EMPORIUM;ED10-05;TELA LIKE LINO 3 9 11 13 15 20  3.10 xML;13755,28;26920
TELAS;EMPORIUM;ED10-06;TELA MANTA COLECCION 150 xML;13755,28;26920
TELAS;EMPORIUM;ED10-07;TELA OUTDOOR 160CM  1.60 xML;28831,88;56260
TELAS;EMPORIUM;ED10-08;TELA OUTDOOR 280CM  2.80 xML;43850,4;85490
TELAS;EMPORIUM;ED10-09;TELA OUTDOOR MANGO SUNSET 1.60 xML;28831,88;56220
TELAS;EMPORIUM;ED10-10;TELA PANAMA DIGITAL  2.85 xML;14771,68;28860
TELAS;EMPORIUM;ED10-11;TELA TUSOR LISO  2.60 xML;12129,04;23650
TELAS;EMPORIUM;ED10-12;TELA SOLIDO chenille 12 13 14 17 19 20 22 28 32 34 38 44 58 93  1.40 xML;14021,48;27360
TELAS;EMPORIUM;ED10-13;TELA SOLIDO chenille  11  17  89   2.80 xML;26174,72;51120
TELAS;EMPORIUM;ED10-14;LONETA EMPORIUM RUSTICOS ESTAMPADOS 2.80 xML;16940;33100
TELAS;EMPORIUM;ED10-15;CUERINA NAUTIKA  1.40 xML;12974,83;25290
TELAS;EMPORIUM;ED10-16;CUERINA SANTANA  1.40 xML;11582,12;22600
TELAS;EMPORIUM;ED10-17;CUERINA SUTRA  1.40 xML;13256,76;25860
MOLDURAS;ENTORNO;EN10-001;E0    EXTERIOR REVESTIDA x1mt;6471,08;12620
MOLDURAS;ENTORNO;EN10-002;E      EXTERIOR REVESTIDA x1mt;4831,53;9421
MOLDURAS;ENTORNO;EN10-003;E1    EXTERIOR REVESTIDA x1mt;5936,26;11590
MOLDURAS;ENTORNO;EN10-004;E2    EXTERIOR REVESTIDA x1mt;4633,09;9060
MOLDURAS;ENTORNO;EN10-005;E3    EXTERIOR REVESTIDA x1mt;11240,9;21920
MOLDURAS;ENTORNO;EN10-006;E4    EXTERIOR REVESTIDA x1mt;5008,19;9770
MOLDURAS;ENTORNO;EN10-007;E5    EXTERIOR REVESTIDA x1mt;6428,73;12560
MOLDURAS;ENTORNO;EN10-008;E6    EXTERIOR REVESTIDA x1mt;5656,75;11030
MOLDURAS;ENTORNO;EN10-009;E7    EXTERIOR REVESTIDA x1mt;5856,4;11420
MOLDURAS;ENTORNO;EN10-010;E8    EXTERIOR REVESTIDA x1mt;7394,31;14420
MOLDURAS;ENTORNO;EN10-011;E9    EXTERIOR REVESTIDA x1mt;8887,45;17330
MOLDURAS;ENTORNO;EN10-012;E9 C/R EXTERIOR REVESTIDA x1mt;10845,23;21160
MOLDURAS;ENTORNO;EN10-013;E10   EXTERIOR REVESTIDA x1mt;8854,78;17270
MOLDURAS;ENTORNO;EN10-015;E11   EXTERIOR REVESTIDA x1mt;6370,65;12440
MOLDURAS;ENTORNO;EN10-016;E12   EXTERIOR REVESTIDA x1mt;6269,01;12260
MOLDURAS;ENTORNO;EN10-017;E13   EXTERIOR REVESTIDA x1mt;5221,15;10190
MOLDURAS;ENTORNO;EN10-018;E14   EXTERIOR REVESTIDA x1mt;7381;14400
MOLDURAS;ENTORNO;EN10-019;E15   EXTERIOR REVESTIDA x1mt;13802,47;26940
MOLDURAS;ENTORNO;EN10-020;E16   EXTERIOR REVESTIDA x1mt;5803,16;11320
MOLDURAS;ENTORNO;EN10-021;E17   EXTERIOR REVESTIDA x1mt;9683,63;18900
MOLDURAS;ENTORNO;EN10-023;F0    EXTERIOR REVESTIDA x1mt;12678,38;24760
MOLDURAS;ENTORNO;EN10-024;F1    EXTERIOR REVESTIDA x1mt;17643,01;34400
MOLDURAS;ENTORNO;EN10-025;F2    EXTERIOR REVESTIDA x1mt;22928,29;44740
MOLDURAS;ENTORNO;EN10-026;M     EXTERIOR REVESTIDA x1mt;4013,57;7840
MOLDURAS;ENTORNO;EN10-027;M0   EXTERIOR REVESTIDA x1mt;5723,3;11160
MOLDURAS;ENTORNO;EN10-028;M1   EXTERIOR REVESTIDA x1mt;8830,58;17260
MOLDURAS;ENTORNO;EN10-029;M2   EXTERIOR REVESTIDA x1mt;12225,84;23840
MOLDURAS;ENTORNO;EN10-030;EM1 EXTERIOR REVESTIDA x1mt;8321,17;16220
MOLDURAS;ENTORNO;EN10-031;EM2 EXTERIOR REVESTIDA x1mt;4059,55;7940
MOLDURAS;ENTORNO;EN10-032;EM3 EXTERIOR REVESTIDA x1mt;9263,76;18060
MOLDURAS;ENTORNO;EN10-033;EM4 EXTERIOR REVESTIDA x1mt;5337,31;10420
MOLDURAS;ENTORNO;EN10-035;E0    HORMIGON PESADO x1mt;7122,06;14960
MOLDURAS;ENTORNO;EN10-036;E      HORMIGON PESADO x1mt;5233,25;10990
MOLDURAS;ENTORNO;EN10-037;E1    HORMIGON PESADO x1mt;5936,26;12470
MOLDURAS;ENTORNO;EN10-038;E2    HORMIGON PESADO x1mt;5097,73;10700
MOLDURAS;ENTORNO;EN10-039;E3    HORMIGON PESADO x1mt;12364,99;25970
MOLDURAS;ENTORNO;EN10-040;E4    HORMIGON PESADO x1mt;5510,34;11570
MOLDURAS;ENTORNO;EN10-041;E5    HORMIGON PESADO x1mt;7074,87;14860
MOLDURAS;ENTORNO;EN10-042;E6    HORMIGON PESADO x1mt;5843,09;12270
MOLDURAS;ENTORNO;EN10-043;E7    HORMIGON PESADO x1mt;6429,94;13540
MOLDURAS;ENTORNO;EN10-044;E8    HORMIGON PESADO x1mt;8139,67;17100
MOLDURAS;ENTORNO;EN10-045;E9    HORMIGON PESADO x1mt;9776,8;20560
MOLDURAS;ENTORNO;EN10-047;E10   HORMIGON PESADO x1mt;9742,92;20460
MOLDURAS;ENTORNO;EN10-049;E11   HORMIGON PESADO x1mt;7009,53;14720
MOLDURAS;ENTORNO;EN10-050;E12   HORMIGON PESADO x1mt;6897;14490
MOLDURAS;ENTORNO;EN10-051;E13   HORMIGON PESADO x1mt;5749,92;12100
MOLDURAS;ENTORNO;EN10-052;E14   HORMIGON PESADO x1mt;8119,1;17060
MOLDURAS;ENTORNO;EN10-053;E15   HORMIGON PESADO x1mt;14933,82;31360
MOLDURAS;ENTORNO;EN10-054;E16   HORMIGON PESADO x1mt;6515,85;13690
MOLDURAS;ENTORNO;EN10-055;E17   HORMIGON PESADO x1mt;10674,62;22440
MOLDURAS;ENTORNO;EN10-057;F0    HORMIGON PESADO x1mt;13941,62;29300
MOLDURAS;ENTORNO;EN10-058;F1    HORMIGON PESADO x1mt;19408,4;40760
MOLDURAS;ENTORNO;EN10-059;F2    HORMIGON PESADO x1mt;25223,66;52960
MOLDURAS;ENTORNO;EN10-060;M     HORMIGON PESADO x1mt;4412,87;9270
MOLDURAS;ENTORNO;EN10-061;M0   HORMIGON PESADO x1mt;6302,89;13260
MOLDURAS;ENTORNO;EN10-062;M1   HORMIGON PESADO x1mt;8028,35;16900
MOLDURAS;ENTORNO;EN10-063;M2   HORMIGON PESADO x1mt;13456,41;28260
MOLDURAS;ENTORNO;EN10-064;EM1 HORMIGON PESADO x1mt;9151,23;19220
MOLDURAS;ENTORNO;EN10-065;EM2 HORMIGON PESADO x1mt;4446,75;9360
MOLDURAS;ENTORNO;EN10-066;EM3  HORMIGON PESADO x1mt;10195,46;21460
MOLDURAS;ENTORNO;EN10-067;EM4  HORMIGON PESADO x1mt;5996,76;12600
MOLDURAS;ENTORNO;EN10-069;C10-2 EXTERIOR REVESTIDA x1mt;12152,03;23700
MOLDURAS;ENTORNO;EN10-070;C20-2 EXTERIOR REVESTIDA x1mt;12152,03;23700
MOLDURAS;ENTORNO;EN10-071;C30-2 EXTERIOR REVESTIDA x1mt;12152,03;23700
MOLDURAS;ENTORNO;EN10-072;C40-2 EXTERIOR REVESTIDA x1mt;12152,03;23700
MOLDURAS;ENTORNO;EN10-073;C50-2 EXTERIOR REVESTIDA x1mt;22888,36;44660
MOLDURAS;ENTORNO;EN10-074;C70-2 EXTERIOR REVESTIDA x1mt;22888,36;44660
MOLDURAS;ENTORNO;EN10-075;C10-1 EXTERIOR REVESTIDA x1mt;16184,96;31560
MOLDURAS;ENTORNO;EN10-076;C20-1 EXTERIOR REVESTIDA x1mt;16184,96;31560
MOLDURAS;ENTORNO;EN10-077;C30-1 EXTERIOR REVESTIDA x1mt;16184,96;31560
MOLDURAS;ENTORNO;EN10-078;C40-1 EXTERIOR REVESTIDA x1mt;0;0
MOLDURAS;ENTORNO;EN10-079;C50-1 EXTERIOR REVESTIDA x1mt;0;0
MOLDURAS;ENTORNO;EN10-080;C10-3 EXTERIOR REVESTIDA x1mt;0;0
MOLDURAS;ENTORNO;EN10-081;C20-3 EXTERIOR REVESTIDA x1mt;0;0
MOLDURAS;ENTORNO;EN10-082;C30-3 EXTERIOR REVESTIDA x1mt;0;0
MOLDURAS;ENTORNO;EN10-083;C40-3 EXTERIOR REVESTIDA x1mt;0;0
MOLDURAS;ENTORNO;EN10-084;C10 EXTERIOR REVESTIDA x1mt;0;0
MOLDURAS;ENTORNO;EN10-085;C20 EXTERIOR REVESTIDA x1mt;0;0
MOLDURAS;ENTORNO;EN10-086;C30 EXTERIOR REVESTIDA x1mt;0;0
MOLDURAS;ENTORNO;EN10-087;C40 EXTERIOR REVESTIDA x1mt;0;0
MOLDURAS;ENTORNO;EN10-088;C50 EXTERIOR REVESTIDA x1mt;0;0
MOLDURAS;ENTORNO;EN10-089;C60 EXTERIOR REVESTIDA x1mt;0;0
MOLDURAS;ENTORNO;EN10-090;C70 EXTERIOR REVESTIDA x1mt;0;0
MOLDURAS;ENTORNO;EN10-092;C10-2 HORMIGON PESADO x1mt;0;0
MOLDURAS;ENTORNO;EN10-093;C20-2 HORMIGON PESADO x1mt;0;0
MOLDURAS;ENTORNO;EN10-094;C30-2 HORMIGON PESADO x1mt;0;0
MOLDURAS;ENTORNO;EN10-095;C40-2 HORMIGON PESADO x1mt;0;0
MOLDURAS;ENTORNO;EN10-096;C50-2 HORMIGON PESADO x1mt;0;0
MOLDURAS;ENTORNO;EN10-097;C70-2 HORMIGON PESADO x1mt;0;0
MOLDURAS;ENTORNO;EN10-098;C10-1 HORMIGON PESADO x1mt;0;0
MOLDURAS;ENTORNO;EN10-099;C20-1 HORMIGON PESADO x1mt;0;0
MOLDURAS;ENTORNO;EN10-100;C30-1 HORMIGON PESADO x1mt;0;0
MOLDURAS;ENTORNO;EN10-101;C40-1 HORMIGON PESADO x1mt;0;0
MOLDURAS;ENTORNO;EN10-102;PILASTRA COLUMNA YESO estriada 2.5mt. xUni.;0;0
MOLDURAS;ENTORNO;EN10-103;CAPITEL de columna pilastra CORINTIA  xUni.;0;0
MOLDURAS;ENTORNO;EN10-104;BASE de columna pilastra BASE xUni;0;0
ALFOMBRAS;EL ESPARTANO;ES10-01;ALFOMBRA DELOS LISA -Minimo 3ml- 3.66ancho  xM2 Espartano;11859,21;23100
ALFOMBRAS;EL ESPARTANO;ES10-02;ALFOMBRA OLIMPIA II TRICOLOR 8mm 3.66ancho xM2 Espartano;28842,77;56200
ALFOMBRAS;EL ESPARTANO;ES10-03;ALFOMBRA OLIMPIA II LISA 8mm 3.66ancho xM2 Espartano;25475,34;49700
ALFOMBRAS;EL ESPARTANO;ES10-04;ALFOMBRA GRAMMAS 8mm 3.66ancho xM2 Espartano;33527,89;65400
ALFOMBRAS;EL ESPARTANO;ES10-05;ALFOMBRA ALTEA boucle 8mm 3.66ancho xM2 Espartano;33527,89;65400
VARILLAS DE BRONCE;FUNKTION;FK10-01;VARILLA BASE U  FUNKTION x 0.90;3576,76;7000
VARILLAS DE BRONCE;FUNKTION;FK10-02;VARILLA BASE U  FUNKTION x 2.70;10410,84;20500
VARILLAS DE BRONCE;FUNKTION;FK10-03;VARILLA TAPAJUNTA ENCASTRE FUNKTION x0.90;6531,58;15200
VARILLAS DE BRONCE;FUNKTION;FK10-04;VARILLA TAPAJUNTA ENCASTRE FUNKTION x2.70;19006,68;44500
VARILLAS DE BRONCE;FUNKTION;FK10-05;VARILLA TRANSICION 38 PLANA FUNKTION x0.90;4013,57;9900
VARILLAS DE BRONCE;FUNKTION;FK10-07;VARILLA TRANSICION 38 PLANA FUNKTION x2.70;11678,92;28700
VARILLAS DE BRONCE;FUNKTION;FK10-08;VARILLA DESNIVEL ENCASTRE FUNKTION x0.90;8264,3;19300
VARILLAS DE BRONCE;FUNKTION;FK10-09;VARILLA DESNIVEL ENCASTRE FUNKTION x2.70;24051,17;56200
VARILLAS DE BRONCE;FUNKTION;FK10-10;VARILLA DESNIVEL Z 40x18 FUNKTION x0.90;5840,67;13700
VARILLAS DE BRONCE;FUNKTION;FK10-11;VARILLA DESNIVEL Z 40x18 FUNKTION x2.70;16994,45;39600
VARILLAS DE BRONCE;FUNKTION;FK10-12;VARILLA NIVELADOR 41 FUNKTION x0.90;4961;12200
VARILLAS DE BRONCE;FUNKTION;FK10-14;VARILLA NIVELADOR 41 FUNKTION x2.70;14435,3;35500
VARILLAS DE BRONCE;FUNKTION;FK10-15;VARILLA NIVELADOR LIVIANO 30 FUNKTION x0.90;4652,45;11500
VARILLAS DE BRONCE;FUNKTION;FK10-17;VARILLA NIVELADOR LIVIANO 30 FUNKTION x2.70;13536,27;33500
VARILLAS DE BRONCE;FUNKTION;FK10-18;VARILLA ANGULO  25x20  FUNKTION x1.00;5947,15;14700
VARILLAS DE BRONCE;FUNKTION;FK10-19;VARILLA ANGULO  25x20 FUNKTION x2.00;11891,88;27800
VARILLAS DE BRONCE;FUNKTION;FK10-20;VARILLA ANGULO  30x30 FUNKTION x1.00;8306,65;19500
VARILLAS DE BRONCE;FUNKTION;FK10-21;VARILLA ANGULO  30x30 FUNKTION x2.00;16613,3;37600
VARILLAS DE BRONCE;FUNKTION;FK10-21A;VARILLA ESCALON 42x21 FUNKTION x1.00;10773,84;25200
VARILLAS DE BRONCE;FUNKTION;FK10-22;VARILLA ESCALON  42x21 FUNKTION x2.00;21547,68;50500
VARILLAS DE BRONCE;FUNKTION;FK10-23;VARILLA ESCALON 15x22 FUNKTION x2.00;14944,71;34900
VARILLAS DE BRONCE;FUNKTION;FK10-25;VARILLA ANGULO  25x10 FUNKTION x2.50;9676,37;23900
VARILLAS DE BRONCE;FUNKTION;FK10-26;VARILLA PUERTA VENTANA 30x12 FUNKTION x2.50;14356,65;33500
VARILLAS DE BRONCE;FUNKTION;FK10-29;ACERO INOX  TRANSICION LIVIANO 3cm x3.00mt FUNKTION;49727,37;116200
VARILLAS DE BRONCE;FUNKTION;FK10-32;ACERO INOX  NIVELADOR LIVIANO 3cm 3.00mt FUNKTION;53208,54;124300
VARILLAS DE BRONCE;FUNKTION;FK10-35;ACERO INOX  ANGULO 1809  1,8x0,9cm  x3mt FUNKTION;48262,06;112800
PISOS FLOTANTES;FUNKTION;FK10-38;NYLON 100micrones negro aislante ancho4mt. xM2 Isolant Funktion;0;0
PISOS FLOTANTES;FUNKTION;FK10-39;Bajo Piso Flotante STANDAR 2mm rollo20mt. xML  Isolant Funktion;1120,46;2800
PISOS FLOTANTES;FUNKTION;FK10-40;Bajo Flotante FILM AntiHumedad 2mm rollo20mt.xML Isolant Funktion;1650,44;4300
PISOS FLOTANTES;FUNKTION;FK10-41;Bajo Alfombra blanco Aislante 5mm rollo20mt.xML  Isolant Funktion;2113,87;5000
PISOS FLOTANTES;FUNKTION;FK10-42;Bajo Alfombra blanco aislante 10mm rollo20mt xML Isolant Funktion;3388;7900
PISOS FLOTANTES;FUNKTION;FK10-43;Bajo Alfombra BiCapa 2aislantes 6mm rollo20mt xML Isolant Funktion;5621,66;13200
PISOS FLOTANTES;FUNKTION;FK10-44;MASILLA Color CEREZO Funktion  Cartucho 420grs ULTIMO;2420;2900
PISOS FLOTANTES;FUNKTION;FK10-45;ZOCALO FUNKTION MDF 6cm Tira 2.75 xTIRA;8219,53;19300
PISOS FLOTANTES;FUNKTION;FK10-46;CUARTOCA헤 FUNKTION MDF 15x15 Tira 2.75 xTIRA;5176,38;12200
VARILLAS DE BRONCE;FUNKTION;FK10-48;ZOCALO EPS ZPVC-01 Blanco Nieve 14x75 Tira 2.40 xTIRA FUNKTION;9581,99;22400
VARILLAS DE BRONCE;FUNKTION;FK10-49;ZOCALO EPS ZPVC-02 Gris Claro  14x75 Tira 2.40 xTIRA FUNKTION;9581,99;22400
VARILLAS DE BRONCE;FUNKTION;FK10-50;ZOCALO EPS ZPVC-03 Gris Oscuro 14x75 Tira 2.40 xTIRA FUNKTION;9581,99;22400
VARILLAS DE BRONCE;FUNKTION;FK10-51;ZOCALO EPS ZPVC-04 Roble 14x75mm Tira 2.40 xTIRA FUNKTION;9581,99;22400
VARILLAS DE BRONCE;FUNKTION;FK10-52;ZOCALO EPS ZPVC-05 Roble Windsor 14x75 Tira 2.40 xTIRA FUNKTION;9581,99;22400
PISOS FLOTANTES;FUNKTION;FK10-53;ZOCALO EPS ZPVC-06 Roble Oscuro 14x75 Tira 2.40 xTIRA FUNKTION;9581,99;22400
ALFOMBRAS;INDIAN;IN10-01;TAPIZMEL SAINT TROPEZ BOUCLE ancho 2mt xM2;4778,29;9100
CAMINOS PLASTICOS;INDIAN;IN10-02;PROTECTOR BAJO ESCRITORIO 0.90x1.20;25155,9;52900
ALFOMBRAS;INDIAN;IN10-03;CINTA TERMOAHESIVA PREMIUM rollo20mt xML;6655;14600
PISOS FLOTANTES;INDIAN;IN10-07;PISO FLOTANTE BAHIA textura caja1.90m2   8mm xm2;32077,1;61000
PISOS VINILICOS Y DE GOMA;INDIAN;IN10-09;PISO VINILICO LEOLINE Luna Blush  Speedy 2mm xM2;18900,2;36100
PISOS VINILICOS Y DE GOMA;INDIAN;IN10-10;PISO VINILICO LEOLINE Fusion Bingo  Spase 3mm xM2;18900,2;36100
PISOS VINILICOS Y DE GOMA;INDIAN;IN10-11;PISO VINILICO LEOLINE Surfaces Presto  3mm xM2;18900,2;36100
PISOS VINILICOS Y DE GOMA;INDIAN;IN10-12;PISO VINILICO LG BRIGHT 1.6mm Comercial  Alto Transito xM2;18900,2;36100
PISOS VINILICOS Y DE GOMA;INDIAN;IN10-13;MASA NIVELADORA VENUS 2componentes x7kg;16020,4;25600
PISOS VINILICOS Y DE GOMA;INDIAN;IN10-14;MASA NIVELADORA VENUS 2componentes x35kg;44431,2;71000
PISOS VINILICOS Y DE GOMA;INDIAN;IN10-15;IMPRIMACION P/ MASA NIVELADORA VENUS x1litro;4719;6600
REVESTIMIENTOS PARED;INDIAN;IN10-16;PLACA PVC SIMIL MARMOL 2.44m x 1.22m (2.9768m2) 3mm espesor xPLACA;102850;197700
TELAS;MCG GROUP;MCG10-001;ARGOLLAS SAVICOR GRANDES METAL MCG xUNI;1823,47;3460
TELAS;MCG GROUP;MCG10-002;COLOCACION DE ARGOLLAS SAVICOR  xUNI;1597,2;3100
TELAS;MCG GROUP;MCG10-003;PERCHITAS AGARRADERAS xUNI;1089;2400
TELAS;MCG GROUP;MCG10-004;TENSOR PARA PARED LATERAL cable x3.00mt.;12221;26900
TELAS;MCG GROUP;MCG10-005;TENSOR MULTI POSICION cable x3.00mt.;13431;29600
TELAS;MCG GROUP;MCG10-006;TENSOR MULTI POSICION cable x5.00mt.;14641;32200
TELAS;MCG GROUP;MCG10-007;SOPORTE CENTRAL PARA TENSOR xUNI;2622,07;5900
TELAS;MCG GROUP;MCG10-008;ARGOLLA CON CLIPS PARA TENSOR xUNI;592,9;1200
TELAS;MCG GROUP;MCG10-011;BLACK OUT SUNSET  Ultimo. 1.40;14339,71;27260
TELAS;MCG GROUP;MCG10-012;BLACK OUT AMERICANO Ultimo. 2.80;23899,92;45400
TELAS;MCG GROUP;MCG10-013;TELA LOLA LISO Ultima.  1.40;2792,68;5400
TELAS;MCG GROUP;MCG10-014;DISE헲 CERDEN Hilo Ultimas  2.80;21533,16;41100
TELAS;MCG GROUP;MCG10-015;CERDE헤 HILO - MODENA HILO  MCG   2.80;26741;51000
TELAS;MCG GROUP;MCG10-016;BENGALA RAYAS Ultima.  2.80;18930,45;36100
TELAS;MCG GROUP;MCG10-017;MADEIRA AKIA  MCG  2.80;34898,82;66400
TELAS;MCG GROUP;MCG10-018;ORGANZA PLATA Ultima.  3.00;25901,26;49200
TELAS;MCG GROUP;MCG10-019;ORGANZA RAYAS  Ultima.  3.00;25901,26;49200
TELAS;MCG GROUP;MCG10-020;ORGANZA TRICOLOR  Ultima.  3.00;28143,39;53600
TELAS;MCG GROUP;MCG10-021;Promo - SEDA 40 LISO  Ultima.  2.80;6292;12000
TELAS;MCG GROUP;MCG10-022;Promo - SEDA 40 FLOCK  Ultima.  2.80;6292;12000
TELAS;MCG GROUP;MCG10-023;Promo - SEDA MILES CHOCO Ultima. 2.80;6292;12000
TELAS;MCG GROUP;MCG10-024;Promo - RASO SEDA INGLES Ultima. 1.55;3751;7000
TELAS;MCG GROUP;MCG10-025;Promo - TELA ADES CUADROS Ultima.  1.40;2178;4138
TELAS;MCG GROUP;MCG10-026;Promo - TELA MEXICO FANTA Ultima.  1.50;2178;4000
TELAS;MCG GROUP;MCG10-027;Promo - TELA TABORA  Ultima.  1.40;3751;7000
TELAS;MCG GROUP;MCG10-028;Promo - TELA LLA-LLU CHOCO Ultima. 1.40;3751;7000
TELAS;MCG GROUP;MCG10-029;Promo - LONA EXTERIOR  Ultima.  3.00;6292;12000
TELAS;MCG GROUP;MCG10-030;Promo - LONETA ANALILA  Ultima.  2.90;6292;12000
TELAS;MCG GROUP;MCG10-031;Promo - LONETA BUHO  Ultima.  2.90;6292;12000
TELAS;MCG GROUP;MCG10-032;Promo - LONETA CULLA  Ultima.  2.90;6292;12000
TELAS;MCG GROUP;MCG10-033;Promo - RASO TAPICERO  Ultima  1.40;3751;7000
TELAS;MCG GROUP;MCG10-034;Promo - PERCARI ECOCUERO Ultimas  1.40;2178;4000
TELAS;MCG GROUP;MCG10-035;Promo - PANA MIRANDA LISA Ultima. 1.40;6292;12000
TELAS;MCG GROUP;MCG10-036;Promo - PANA ITALIANA TRAMA Ultima. 1.40;6292;12000
TELAS;MCG GROUP;MCG10-037;Promo - BLUMENAU BEBE  Ultima. 1.60;2178;4000
TELAS;MCG GROUP;MCG10-038;Promo - TELA COSTANZA  Ultima. 2.80;6292;12000
TELAS;MCG GROUP;MCG10-039;Promo - GROS LISO  Ultima  3.00;6292;12000
TELAS;MCG GROUP;MCG10-040;Promo - GROS FANTASIA  Ultima  3.00;6292;12000
TELAS;MCG GROUP;MCG10-041;Promo - BENGALINA FANTASIA  Ultima   1.40;2178;4000
TELAS;MCG GROUP;MCG10-042;Promo - TELA MIA ESPA헲LA Ultima 3.00;6292;12000
TELAS;MCG GROUP;MCG10-043;Promo - JACQUARD FRANCES Ultima 1.40;3751;7000
TELAS;MCG GROUP;MCG10-044;Promo - JACQUARD ITALIANO Ultima 1.40;3751;7000
TELAS;MCG GROUP;MCG10-045;Promo - GOBELINO ESPA헲L Ultima  1.40;3751;7000
TELAS;MCG GROUP;MCG10-046;Promo - GAMUN DE TAPICERIA Ultima 1.40;3751;7000
TELAS;MCG GROUP;MCG10-047;Promo - YUTE DE LA INDIA  Ultima  1.45;3751;7000
TELAS;MCG GROUP;MCG10-048;Promo - MADRAS YAMAN  Ultima.  3.00;6292;12000
TELAS;MCG GROUP;MCG10-050;Promo - TELA MAYALI deDise絪 Ultima 2.80;6292;12000
TELAS;MCG GROUP;MCG10-051;Promo- TALAMPAYA VIP CueroE Ultima 1.40;6292;12000
TELAS;MCG GROUP;MCG10-052;Promo - PANA BUGATTI Ultima. 1.40;6292;12000
TELAS;MCG GROUP;MCG10-054;CARPETA SHANGAI 1.40x2.00;128260;220000
TELAS;MCG GROUP;MCG10-055;CARPETA DELTA  1.20x1.70;64130;125000
TELAS;MCG GROUP;MCG10-056;CARPETA ESPRIT  75x1.30;26862;51000
TELAS;MCG GROUP;MCG10-057;CARPETA STELA (PROMO) 1.60x2.30;151250;290000
TELAS;MCG GROUP;MCG10-058;CARPETA KINDER (PROMO) 1.20x1.70;63525;122000
TELAS;MCG GROUP;MCG10-059;CARPETA ESPRIT  67x1.30;25410;49000
TELAS;MCG GROUP;MCG10-060;CARPETA ESPRIT  60x1.10;23232;44000
TELAS;MCG GROUP;MCG10-061;CARPETA GUEST (PROMO) 2.00x2.90;163350;295000
TELAS;MCG GROUP;MCG10-062;CARPETA ARTEN DIB (PROMO) 1.40x2.00;104060;190000
TELAS;MCG GROUP;MCG10-063;CARPETA ESPRIT (PROMO) 1.60x2.30;139150;260000
TELAS;MCG GROUP;MCG10-064;CARPETA OASIS  57x1.10;5566;10600
TELAS;MCG GROUP;MCG10-065;CARPETA BENIN  1.60x2.30 BLANCA;139150;260000
TELAS;MCG GROUP;MCG10-066;CARPETA BENIN  1.20x1.70 BEIGE;67760;126000
TELAS;MCG GROUP;MCG10-067;CARPETA HANNA  60x1.20 BLANCA;23474;44600
TELAS;MCG GROUP;MCG10-068;CARPETA NAIROBI  60x1.20 BLANCA;23474;44600
TELAS;MCG GROUP;MCG10-069;CARPETA BENIN  80x1.50 BLANCA;28919;55000
TELAS;MCG GROUP;MCG10-070;CARPETA CLASSIC  60x70;4961;9400
TELAS;MCG GROUP;MCG10-071;CARPETA CLASSIC  55x1.10;5203;9900
TELAS;MCG GROUP;MCG10-072;CARPETA ESPRIT  70x1.40;26862;51000
TELAS;MCG GROUP;MCG10-073;CARPETA VARIOS ST  1.33x1.90;64130;125000
TELAS;MANZONI;MF10-01;Piso Design Floors Click Premium 4,5mm caja   Tablas  xm2  INNOVADORES;0;0
TELAS;MANZONI;MF10-02;Zocalo Design Floors Revestido 6cm Tira  xml  INNOVADORES;0;0
MANO DE OBRA;MANO DE OBRA;MO10-01;COLOCACION DE ALFOMBRAS x m2;0;0
MANO DE OBRA;MANO DE OBRA;MO10-02;COLOCACION ZOCALO DE ALFOMBRA x ml;0;0
MANO DE OBRA;MANO DE OBRA;MO10-03;COLOCACION DE BAJO ALFOMBRA x m2;0;0
MANO DE OBRA;MANO DE OBRA;MO10-04;COLOCACION VARILLA DE TERMINACION x uni.;0;0
MANO DE OBRA;MANO DE OBRA;MO10-05;SACADO ALFOMBRA EXISTENTE x m2;0;0
MANO DE OBRA;MANO DE OBRA;MO10-06;REBAJADO CEPILLADO DE PUERTA x uni.;0;0
MANO DE OBRA;MANO DE OBRA;MO10-07;RECOLOCACION DE VARILLA EXISTENTE x uni.;0;0
MANO DE OBRA;MANO DE OBRA;MO10-08;COLOCACION ALFOMBRA EN ESCALONES RECTOS x uni.;0;0
MANO DE OBRA;MANO DE OBRA;MO10-09;COLOCACION ALFOMBRA EN ESCALONES COMPENSADOS x uni.;0;0
MANO DE OBRA;MANO DE OBRA;MO10-10;COLOCACION BAJO ALFOMBRA POR ESCALON x uni.;0;0
MANO DE OBRA;MANO DE OBRA;MO10-11;COLOCACION ZOCALO DE ALFOMBRA EN ESCALERA x ml;0;0
MANO DE OBRA;MANO DE OBRA;MO10-12;COLOCACION ALFOMBRA DESCANSO ESCALERA x uni.;0;0
MANO DE OBRA;MANO DE OBRA;MO10-13;COLOCACION EN ASCENSOR x m2;0;0
MANO DE OBRA;MANO DE OBRA;MO10-14;COLOCACION EN TARIMA x m2;0;0
MANO DE OBRA;MANO DE OBRA;MO10-15;REMALLADO - ZOCALOS DE ALFOMBRA xML;1331;2700
MANO DE OBRA;MANO DE OBRA;MO10-16;REMALLADO - FELPUDOS Y CAMINOS xML;2037,64;4100
MANO DE OBRA;MANO DE OBRA;MO10-17;REMALLADO CARPETAS DE ALFOMBRA xML;3087,92;6200
MANO DE OBRA;MANO DE OBRA;MO10-18;COLOCACION DE PISO FLOTANTE  x m2;0;0
MANO DE OBRA;MANO DE OBRA;MO10-19;COLOCACION ZOCALO DE MADERA x ml;0;0
MANO DE OBRA;MANO DE OBRA;MO10-20;COLOCACION VARILLA DE TERMINACION x ml;0;0
MANO DE OBRA;MANO DE OBRA;MO10-21;COLOCACION DE FLOTANTE EN ESCALONES COMPENSADOS x uni.;0;0
MANO DE OBRA;MANO DE OBRA;MO10-22;RECOLOCACION DE ZOCALOS EXISTENTES x ml;0;0
MANO DE OBRA;MANO DE OBRA;MO10-23;COLOCACION DE FLOTANTE EN ESCALONES RECTOS x uni.;0;0
MANO DE OBRA;MANO DE OBRA;MO10-24;COLOCACION DE ZOCALO BASTONADO x escalon;0;0
MANO DE OBRA;MANO DE OBRA;MO10-25;COLOCACION DE CUARTOCA헤 PERIMETRAL x ml;0;0
MANO DE OBRA;MANO DE OBRA;MO10-26;COLOCACION FLOTANTE EN DESCANSO DE ESCALERA x uni.;0;0
MANO DE OBRA;MANO DE OBRA;MO10-27;SACADO DE PISO VIEJO EXISTENTE x m2;0;0
MANO DE OBRA;MANO DE OBRA;MO10-28;COLOCACION PISO DE GOMA EN ROLLO x m2;0;0
MANO DE OBRA;MANO DE OBRA;MO10-29;COLOCACION PISO DE GOMA EN BALDOSAS x m;0;0
MANO DE OBRA;MANO DE OBRA;MO10-30;COLOCACION PISOS VINILICO EN ROLLO x m2;0;0
MANO DE OBRA;MANO DE OBRA;MO10-31;COLOCACION PISO LISTONES VINILICOS x m2;0;0
MANO DE OBRA;MANO DE OBRA;MO10-32;COLOCACION MASA NIVELADORA SUPERFICIE IRREGULAR x m2;0;0
MANO DE OBRA;MANO DE OBRA;MO10-33;COLOCACION ZOCALOS CON VINILICO x ml;0;0
MANO DE OBRA;MANO DE OBRA;MO10-34;COLOCACION PISO VINILICO ESCALON RECTO x uni.;0;0
MANO DE OBRA;MANO DE OBRA;MO10-35;COLOCACION PISO VINILICO ESCALON COMPENSADO x uni.;0;0
MANO DE OBRA;MANO DE OBRA;MO10-36;SACADO PISO DE GOMA VIEJO x m2;0;0
MANO DE OBRA;MANO DE OBRA;MO10-37;SACADO DE PISO VINILICO VIEJO x m2;0;0
MANO DE OBRA;MANO DE OBRA;MO10-38;LAVADO DE ALFOMBRA EN HOTEL xm2;1742,4;3500
MANO DE OBRA;MANO DE OBRA;MO10-39;LAVADO DE ALFOMBRA A DOMICILIO (hasta 20m2)  xm2;2553,1;5200
MANO DE OBRA;MANO DE OBRA;MO10-40;LAVADO DE ALFOMBRA A DOMICILIO (mas de 20m2)  xm2;2150,17;4300
MANO DE OBRA;MANO DE OBRA;MO10-41;LAVADO DE ESCALERA POR ESCALON  xEscalon;2480,5;5100
MANO DE OBRA;MANO DE OBRA;MO10-42;LAVADO DE CARPETA 1.20x1.70 o similar;25797,2;52000
MANO DE OBRA;MANO DE OBRA;MO10-43;LAVADO DE CARPETA 1.40x2.00 o similar;32544,16;65200
MANO DE OBRA;MANO DE OBRA;MO10-44;LAVADO DE CARPETA 1.70x2.30 o similar;39131,4;78400
MANO DE OBRA;MANO DE OBRA;MO10-45;LAVADO DE CARPETA 1.90x2.90 o similar;50578;101200
MANO DE OBRA;MANO DE OBRA;MO10-46;LAVADO DE CARPETA 2.40x3.40 o similar;54171,7;108400
MANO DE OBRA;MANO DE OBRA;MO10-47;LAVADO DE SILLON UN CUERPO x sillon;32343,3;65000
MANO DE OBRA;MANO DE OBRA;MO10-48;LAVADO DE SILLON DOS CUERPOS x sillon;41127,9;82400
MANO DE OBRA;MANO DE OBRA;MO10-49;LAVADO DE SILLON TRES CUERPOS x sillon;46451,9;92900
MANO DE OBRA;MANO DE OBRA;MO10-50;LAVADO DE CORTINA ROLLER xM2;5324;10700
PAPELES;MURESCO;MU10-01;PAPEL AURA  grupo AU1 AU2 Muresco;44552,2;75600
PAPELES;MURESCO;MU10-02;PAPEL AURA  grupo AU3 (espumado) Muresco;30891,3;52400
PAPELES;MURESCO;MU10-03;PAPEL AURA  Mural AU4 3x2-60 Muresco;247851,56;422000
PAPELES;MURESCO;MU10-04;PAPEL AURA  Mural AU5 4x2-60 Muresco;328942,13;559000
PAPELES;MURESCO;MU10-05;Papel DecoLab y CAPSULA  grupo CAP1  Muresco;35969,67;61200
PAPELES;MURESCO;MU10-06;Papel DecoLab y CAPSULA  grupo CAP2 Mural 3x2-60 Muresco;247851,56;422000
PAPELES;MURESCO;MU10-07;PAPEL PICNIC 2    grupo PCP5  Muresco;44549,78;75600
PAPELES;MURESCO;MU10-08;PAPEL LOUNGE grupo LO3 -Gof.Registro Muresco;44550,99;75600
PAPELES;MURESCO;MU10-09;PAPEL LOUNGE  grupo LO4  Muresco;39259,66;66700
PAPELES;MURESCO;MU10-11;PAPEL ZEN NATURAL  grupo ZP8  Muresco;19736,31;34100
PAPELES;MURESCO;MU10-12;PAPEL ZEN NATURAL  grupo ZP8V  Muresco;27171,76;46200
PAPELES;MURESCO;MU10-13;PAPEL ZEN NATURAL (espumado) ZP8E  Muresco;27171,76;46200
PAPELES;MURESCO;MU10-14;PAPEL WALL COVERING grupo TT1  TT2  Muresco;40654,79;69000
PAPELES;MURESCO;MU10-16;PAPEL MUR PAINT  PINTABLE grupo Z11  Muresco;20527,65;39000
PAPELES;MURESCO;MU10-17;PAPEL MUR PAINT  COLOR grupo Z28  Muresco;23073,49;44000
PAPELES;MURESCO;MU10-21;PAPEL ALTA GAMMA  HOME 3 grupo SVP1 Muresco;75040,57;127600
PAPELES;MURESCO;MU10-22;PAPEL RIVIERA MAISON  grupo BRP1 Muresco;75041,78;127600
PAPELES;MURESCO;MU10-23;PAPEL HIGHLANDS  grupo RH1 Muresco;66864,6;114000
PAPELES;MURESCO;MU10-24;PAPEL CLUB BOTANIQUE grupo RQ1 Muresco;66864,6;114000
PAPELES;MURESCO;MU10-27;PAPEL FREUNDIN  grupo RD1  Muresco;66864,6;114000
PAPELES;MURESCO;MU10-28;PAPEL FREUNDIN grupo RD2 Muresco;75041,78;127600
PAPELES;MURESCO;MU10-29;PAPEL KIDS&TEENS II  grupos RK1 RK2  Muresco;66864,6;114000
PAPELES;MURESCO;MU10-30;PAPEL KIDS&TEENS II grupo RK3 Muresco;75041,78;127600
PAPELES;MURESCO;MU10-31;PAPEL FLORENTINE II  grupo RF1  Muresco;66864,6;114000
PAPELES;MURESCO;MU10-32;PAPEL BN CURIOUS  grupo BC1  Muresco;66864,6;114000
PAPELES;MURESCO;MU10-33;PAPEL Masterpiece Eijffinger EM1 EM2 ancho 70cm Muresco;66864,6;114000
PAPELES;MURESCO;MU10-34;PAPEL Masterpiece Eijffinger EM3 ancho 52cm Muresco;75041,78;127600
PAPELES;MURESCO;MU10-35;PAPEL RASCH COSMOPOLITAN grupo RC1  Muresco;66864,6;114000
PAPELES;MURESCO;MU10-36;PAPEL RASCH COSMOPOLITAN grupo RC2  Muresco;75041,78;127600
PAPELES;MURESCO;MU10-37;PAPEL AMAZING  grupo RAP1 Muresco;66864,6;114000
PAPELES;MURESCO;MU10-39;PAPEL BASE URDEGA MURESCO x10mt.;3179,88;6700
PAPELES;MURESCO;MU10-41;GUARDA MINIBORDERS ancho 5.30cm x5mt  Muresco;1694;3500
PAPELES;MURESCO;MU10-42;GUARDA BORDERS Ancho 17.70cm x5mt  Muresco;2662;5400
PAPELES;MURESCO;MU10-43;GUARDA DISNEY 3D 4 Planchas 55cm  Muresco;2662;5400
PAPELES;MURESCO;MU10-44;AZULEJOS 15x15 x3 planchas AZ1  Muresco;5311,9;11155
PAPELES;MURESCO;MU10-45;CERAMICOS Autoadhesivos 25.4x25.4 WZ3-AZ3 xUNI  Muresco;6301,68;13200
PAPELES;MURESCO;MU10-46;VENECITAS 12.7x30.48  AZ2 xUNI  Muresco;4391,09;9200
PAPELES;MURESCO;MU10-47;PLACA DECOLIFE 3D ADHESIVA grupo PAU1 70x77 xUNI. Muresco;5805,58;12200
PAPELES;MURESCO;MU10-48;WALL STICKERS 50x70 GRANDES Muresco;6674,36;12600
PAPELES;MURESCO;MU10-49;WALL STICKERS 50X70 EN PROMO Muresco;3267;6200
PAPELES;MURESCO;MU10-50;WALL STICKERS CHICO TODOS 32x50  Muresco;5816,47;9600
PAPELES;MURESCO;MU10-51;VINILO VIDRIOS Autoadhesivo ancho 45cm xPACK cerrado 2mts lineal Muresco;1210;7900
PAPELES;MURESCO;MU10-54;PISO URBEN Tablas 5mm caja2,645m2 -conBaseEva- xm2;0;0
MOLDURAS;PERFILES REVESTIDOS;PR10-001;MOLDURA ATENNEAS AT-30 2mt xTIRA;1011,4632;1660
MOLDURAS;PERFILES REVESTIDOS;PR10-002;MOLDURA ATENNEAS AT-36 2mt xTIRA;1170,7476;1920
MOLDURAS;PERFILES REVESTIDOS;PR10-003;MOLDURA ATENNEAS AT-35 2mt xTIRA;1330,758;1870
MOLDURAS;PERFILES REVESTIDOS;PR10-004;MOLDURA ATENNEAS AT-40 2mt xTIRA;1651,9525;2720
MOLDURAS;PERFILES REVESTIDOS;PR10-005;MOLDURA ATENNEAS AT-46 2mt xTIRA;1683,5819;2770
MOLDURAS;PERFILES REVESTIDOS;PR10-006;MOLDURA ATENNEAS AT-49 2mt xTIRA;1783,4432;2920
MOLDURAS;PERFILES REVESTIDOS;PR10-007;MOLDURA ATENNEAS AT-50 2mt xTIRA;1798,3504;2960
MOLDURAS;PERFILES REVESTIDOS;PR10-008;MOLDURA ATENNEAS AT-52 2mt xTIRA;1875,6452;3100
MOLDURAS;PERFILES REVESTIDOS;PR10-009;MOLDURA ATENNEAS AT-53 2mt xTIRA;1889,9958;3100
MOLDURAS;PERFILES REVESTIDOS;PR10-010;MOLDURA ATENNEAS AT-58 2mt xTIRA;1996,5726;3290
MOLDURAS;PERFILES REVESTIDOS;PR10-011;MOLDURA ATENNEAS AT-70 2mt xTIRA;2374,5766;3900
MOLDURAS;PERFILES REVESTIDOS;PR10-012;MOLDURA ATENNEAS AT-76 2mt xTIRA;2579,2723;4220
MOLDURAS;PERFILES REVESTIDOS;PR10-013;MOLDURA ATENNEAS AT-85 2mt xTIRA;2811,1567;4620
MOLDURAS;PERFILES REVESTIDOS;PR10-014;MOLDURA ATENNEAS AT-90 2mt xTIRA;3106,1789;5100
MOLDURAS;PERFILES REVESTIDOS;PR10-015;MOLDURA ATENNEAS AT-105 2mt xTIRA;3411,6918;5590
MOLDURAS;PERFILES REVESTIDOS;PR10-016;MOLDURA ATENNEAS AT-04 2mt xTIRA;1260,4812;2070
MOLDURAS;PERFILES REVESTIDOS;PR10-017;MOLDURA ATENNEAS AT-05 2mt xTIRA;1408,9603;2320
MOLDURAS;PERFILES REVESTIDOS;PR10-018;MOLDURA ATENNEAS AT-06 2mt xTIRA;1641,4134;2690
MOLDURAS;PERFILES REVESTIDOS;PR10-019;MOLDURA ATENNEAS AT-07 2mt xTIRA;1902,3257;3120
MOLDURAS;PERFILES REVESTIDOS;PR10-020;MOLDURA ATENNEAS AT-06S 2mt xTIRA;1634,2986;2690
MOLDURAS;PERFILES REVESTIDOS;PR10-021;MOLDURA ATENNEAS AT-31R 2mt xTIRA;1011,6689;1940
MOLDURAS;PERFILES REVESTIDOS;PR10-022;MOLDURA ATENNEAS AT-61R 2mt xTIRA;1637,7592;2690
MOLDURAS;PERFILES REVESTIDOS;PR10-024;MOLDURA ATENNEAS  PLUS BB-25 2mt xTIRA;943,9694;1860
MOLDURAS;PERFILES REVESTIDOS;PR10-025;MOLDURA ATENNEAS PLUS  BA-35 2mt xTIRA;905,0074;1790
MOLDURAS;PERFILES REVESTIDOS;PR10-026;MOLDURA ATENNEAS PLUS BE-35 2mt xTIRA;927,0052;1820
MOLDURAS;PERFILES REVESTIDOS;PR10-027;MOLDURA ATENNEAS PLUS BF-50 2mt xTIRA;1631,0558;3190
MOLDURAS;PERFILES REVESTIDOS;PR10-028;MOLDURA ATENNEAS PLUS BA-60 2mt xTIRA;1921,4558;3760
MOLDURAS;PERFILES REVESTIDOS;PR10-029;MOLDURA ATENNEAS PLUS BF-80 2mt xTIRA;3360,533;6566
MOLDURAS;PERFILES REVESTIDOS;PR10-030;MOLDURA ATENNEAS PLUS BA-100 2mt xTIRA;6758,6486;13200
MOLDURAS;PERFILES REVESTIDOS;PR10-031;MOLDURA ATENNEAS PLUS BR-30 2mt xTIRA;905,2736;1790
MOLDURAS;PERFILES REVESTIDOS;PR10-032;MOLDURA ATENNEAS PLUS BR-60 2mt xTIRA;2309,1398;4520
MOLDURAS;PERFILES REVESTIDOS;PR10-033;MOLDURA ATENNEAS PLUS BR-90 2mt xTIRA;3854,092;7560
MOLDURAS;PERFILES REVESTIDOS;PR10-035;Alquiler INGLETADORA 30dias, Reintegro 50% al traerla sana.;5221,271;10200
MOLDURAS;PERFILES REVESTIDOS;PR10-036;Venta INGLETADORA molduras Atenneas xUNI;5221,271;11600
MOLDURAS;PERFILES REVESTIDOS;PR10-037;Adhesivo Atenneas ATN-05 INTERIOR Cartucho500gr.rinde15mt;2408,6865;5900
MOLDURAS;PERFILES REVESTIDOS;PR10-038;Adhesivo Atenneas ATN-1.5 INTERIOR Pote 1.5kg rinde25mt;2425,0215;8260
MOLDURAS;PERFILES REVESTIDOS;PR10-039;Adhesivo Atenneas ATN-5 INTERIOR Balde 5kg rinde70mt;8290,436;23200
MOLDURAS;PERFILES REVESTIDOS;PR10-041;Adhesivo ATZ-280 Perzia EPS XPS MDF pomo280gr rinde 8mt;5212,5348;9600
MOLDURAS;PERFILES REVESTIDOS;PR10-042;Adhesivo WINGDECO ATX-5 Bolsa 5kg enPOLVO molduraExterior;9119,8063;18200
MOLDURAS;PERFILES REVESTIDOS;PR10-043;Adhesivo WINGDECO ATX-20 Bolsa 20kg enPOLVO molduraExterior;32072,6109;64200
MOLDURAS;PERFILES REVESTIDOS;PR10-045;ZOCALO CUARTA CA헤 XQ-17 EPS Perzia 17x17  2.40mt xTIRA;6531,0234;14400
MOLDURAS;PERFILES REVESTIDOS;PR10-046;ZOCALO EUROPEO XE-50 EPS Perzia 5cm 2.40mt xTIRA;9194,6569;20200
MOLDURAS;PERFILES REVESTIDOS;PR10-047;ZOCALO Guarda marco XR-51 EPS Perzia 5cm 2.40mt xTIRA;7666,6084;16900
MOLDURAS;PERFILES REVESTIDOS;PR10-048;ZOCALO RECTO XR-71 EPS Perzia 7cm 2.40mt xTIRA;12528,5336;27600
MOLDURAS;PERFILES REVESTIDOS;PR10-049;ZOCALO MODERNO XM-72 EPS Perzia 7cm 2.40mt xTIRA;12528,5336;27600
MOLDURAS;PERFILES REVESTIDOS;PR10-050;ZOCALO RECTO XR-101 EPS Perzia 10cm 2.40mt  xTIRA;16348,6367;36100
MOLDURAS;PERFILES REVESTIDOS;PR10-051;ZOCALO MODERNO XM-102 EPS Perzia 10cm 2.40mt xTIRA;16348,6367;36100
MOLDURAS;PERFILES REVESTIDOS;PR10-052;ZOCALO RECTO XR-151 EPS Perzia 15cm 2.40mt xTIRA;22321,9348;46700
MOLDURAS;PERFILES REVESTIDOS;PR10-055;ZOCALO ATENNEAS PZ-126 tira 2.75  xTIRA;5828,1707;11360
MOLDURAS;PERFILES REVESTIDOS;PR10-056;ZOCALO ATENNEAS PZ-103 tira 2.75 xTIRA;5181,0022;10100
MOLDURAS;PERFILES REVESTIDOS;PR10-057;ZOCALO ATENNEAS PZ-87 tira 2.75 xTIRA;3899,7816;7600
MOLDURAS;PERFILES REVESTIDOS;PR10-058;ZOCALO ATENNEAS PZ-78 tira 2.75 xTIRA;3686,0472;7200
MOLDURAS;PERFILES REVESTIDOS;PR10-059;ZOCALO ATENNEAS PZ-56 tira2.75 xTIRA;3213,2034;6260
MOLDURAS;PERFILES REVESTIDOS;PR10-060;ZOCALO ATENNEAS PZ-56L 9mm 2.75 xTIRA;3038,8666;5960
MOLDURAS;PERFILES REVESTIDOS;PR10-061;ZOCALO ATENNEAS PZ-56L 12mm 2.75 xTIRA;3213,2034;6250
MOLDURAS;PERFILES REVESTIDOS;PR10-062;ZOCALO ATENNEAS PZ-75L15mm 2.75  xTIRA;4067,0641;7920
MOLDURAS;PERFILES REVESTIDOS;PR10-063;ZOCALO ATENNEAS PZ-95L tira 2.75  xTIRA;4622,1758;8990
MOLDURAS;PERFILES REVESTIDOS;PR10-064;CONTRAMARCO ATENNEAS PC-56 2.75 xTIRA;3511,7104;6900
MOLDURAS;PERFILES REVESTIDOS;PR10-065;CONTRAMARCO ATENNEAS PC-75 2.75 xTIRA;4055,0004;7900
MOLDURAS;PERFILES REVESTIDOS;PR10-066;GUARDASILLA ATENNEAS PG-87 2.75 xTIRA;3920,0733;7660
MOLDURAS;PERFILES REVESTIDOS;PR10-067;GUARDASILLA ATENNEAS PG-75 275 xTIRA;4055,0004;7900
MOLDURAS;PERFILES REVESTIDOS;PR10-068;GUARDASILLA ATENNEAS PG-68 2.75 xTIRA;3830,5212;7460
MOLDURAS;PERFILES REVESTIDOS;PR10-069;TOPE  ATENNEAS  TOP-75 pack 2unid xPACK;3756,7112;7400
MOLDURAS;PERFILES REVESTIDOS;PR10-070;TOPE  ATENNEAS  TOP-56 pack 2unid xPACK;3209,6218;6400
MOLDURAS;PERFILES REVESTIDOS;PR10-071;PIE BASE  ATENNEAS  PIE-75  2unid xPACK;3923,4371;7700
MOLDURAS;PERFILES REVESTIDOS;PR10-072;PIE BASE  ATENNEAS  PIE-56  2 unid xPACK;3249,5639;6400
MOLDURAS;PERFILES REVESTIDOS;PR10-074;ROSETON - ROSETA ATENNEAS ATR-12;2847,9286;5400
MOLDURAS;PERFILES REVESTIDOS;PR10-075;ROSETON - ROSETA ATENNEAS ATR-00;3116,3913;5400
MOLDURAS;PERFILES REVESTIDOS;PR10-076;ROSETON - ROSETA ATENNEAS ATR-83;2847,9286;5400
MOLDURAS;PERFILES REVESTIDOS;PR10-077;ROSETON - ROSETA ATENNEAS ATR-105;3268,6577;6400
MOLDURAS;PERFILES REVESTIDOS;PR10-078;ROSETON - ROSETA ATENNEAS ATR-160;5656,8589;10900
MOLDURAS;PERFILES REVESTIDOS;PR10-079;ROSETON - ROSETA ATENNEAS ATR-162;5656,8589;10900
MOLDURAS;PERFILES REVESTIDOS;PR10-080;ROSETON - ROSETA ATENNEAS ATR-168;5656,8589;10900
MOLDURAS;PERFILES REVESTIDOS;PR10-081;ROSETON - ROSETA ATENNEAS ATR-195;7851,0245;14900
MOLDURAS;PERFILES REVESTIDOS;PR10-082;ROSETON - ROSETA ATENNEAS ATR-24;11334,2757;21600
MOLDURAS;PERFILES REVESTIDOS;PR10-083;ROSETON ATENNEAS ATR-290;10007,5107;19200
MOLDURAS;PERFILES REVESTIDOS;PR10-084;ROSETON ATENNEAS ATR-348;14321,1365;27400
MOLDURAS;PERFILES REVESTIDOS;PR10-085;ROSETON ATENNEAS ATR-400;22990;43700
MOLDURAS;PERFILES REVESTIDOS;PR10-086;ROSETON - ROSETA ATENNEAS ATR-15;24926;47600
MOLDURAS;PERFILES REVESTIDOS;PR10-087;ROSETON  - APLIQUE ATENNEAS ATR-435;13443,1;25600
MOLDURAS;PERFILES REVESTIDOS;PR10-088;ROSETON ATENNEAS ATR-462;26499;51000
MOLDURAS;PERFILES REVESTIDOS;PR10-089;ROSETON - APLIQUE ATENNEAS ATR-600;35961,2;69000
MOLDURAS;PERFILES REVESTIDOS;PR10-090;ROSETON TOPE ATENNEAS ATR-95T x2unidades;9680;18600
MOLDURAS;PERFILES REVESTIDOS;PR10-091;ROSETON PIE ATENNEAS ATR-248B x2unidades;16819;32000
MOLDURAS;PERFILES REVESTIDOS;PR10-092;ROSETON CURVA ATENNEAS ATC-04 x2unidades;8228;15600
MOLDURAS;PERFILES REVESTIDOS;PR10-093;ROSETON CURVA ATENNEAS ATC-06 x2unidades;13092,2;24900
MOLDURAS;PERFILES REVESTIDOS;PR10-095;ZOCALO HAZEN CLASSIC 6cm tira 2.75mt xTIRA;4917,44;10400
MOLDURAS;PERFILES REVESTIDOS;PR10-096;ZOCALO HAZEN EUROPEO 6cm tira 2.75mt xTIRA;5424,43;11400
MOLDURAS;PERFILES REVESTIDOS;PR10-097;CUARTOCA헤 HAZEN StockenDise絪 2.75mt xTIRA;3096,39;7460
MOLDURAS;PERFILES REVESTIDOS;PR10-098;ZOCALO HAZEN LUXE BRILLO 7.5cm 2.75mt xTIRA;6191,57;13200
MOLDURAS;PERFILES REVESTIDOS;PR10-099;ZOCALO HAZEN LINEA LUXE 7.5cm 2.75mt xTIRA;6191,57;13200
MOLDURAS;PERFILES REVESTIDOS;PR10-100;ZOCALO HAZEN NUEVO Recto 75 Foliado Blanco 2.75mt xTIRA;5489,77;11600
MOLDURAS;PERFILES REVESTIDOS;PR10-102;Revestimiento Pared NUDE Praga 06055   9mm 19,6cm 2.75mt  caja 5 tiras;36595,24;69500
MOLDURAS;PERFILES REVESTIDOS;PR10-103;Revestimiento Pared NUDE Terrarum 06057  9mm 19,6cm 2.75mt caja 5 tiras;36595,24;69500
MOLDURAS;PERFILES REVESTIDOS;PR10-104;Revestimiento Pared NUDE Finlandes 06054  9mm 19,6cm 2.75mt caja 5 tiras;36595,24;69500
MOLDURAS;PERFILES REVESTIDOS;PR10-105;Revestimiento Pared NUDE Caju 06056  9mm 19,6cm 2.75mt  caja 5 tiras;36595,24;69500
MOLDURAS;PERFILES REVESTIDOS;PR10-107;Revestimiento Pared RIP 06282 Capuchino 18mm 12,4cm 2.75mt 5 tiras;68183,5;129600
MOLDURAS;PERFILES REVESTIDOS;PR10-108;Revestimiento Pared RIP 06305 Taberna 18mm 12,4cm 2.75mt 5 tiras;68183,5;129600
MOLDURAS;PERFILES REVESTIDOS;PR10-109;Revestimiento Pared RIP 06311 Tex-Grey 18mm 12,4cm 2.75mt 5 tiras;98820,7;187600
MOLDURAS;PERFILES REVESTIDOS;PR10-110;Revestimiento Pared RIP 06310 Tex-Mocha 18mm 12,4cm 2.75mt 5 tiras;98826,75;187600
MOLDURAS;PERFILES REVESTIDOS;PR10-111;Revestimiento Pared RIP 06312 Tex-Vison 18mm 12,4cm 2.75mt 5 tiras;98826,75;187600
MOLDURAS;PERFILES REVESTIDOS;PR10-112;Revestimiento Pared RIP 06246 SinFollar 18mm 12,4cm 2.75mt 5 tiras;37505,16;78600
MOLDURAS;PERFILES REVESTIDOS;PR10-113;Revestimiento Pared 06240 CONCEPT 9mm 16cm 2.60mt caja 6 tablas;32980,97;62700
TELAS;RIOPLAST;RP10-01;BLACK OUT TEVINOR x1.40 xML Tevinor;10381,8;24900
PISOS;REVINIL;RV20-001;PISO FLOTANTE CHOYS AC4 8.3mm caja1.905m2 xm2;32839,4;62400
PISOS;REVINIL;RV20-002;PISO FLOTANTE LUMINOR AC5 8.3mm caja2.78m2 xm2;34453,54;65400
PISOS;REVINIL;RV20-003;PISO FLOTANTE MODERN ART AC5 12,3mm caja1.458m2 xm2;38683,7;73200
PISOS;REVINIL;RV20-004;PISO FLOTANTE WATER PROOF AQUAPRIME AC5 9,5 mm Con Manta;23231,25;46200
TELAS;EXPRESS;TE10-001;BLACK OUT JEANNETTE con Lino 1.40;12813,9;36900
TELAS;EXPRESS;TE10-002;BLACK OUT JEANNETTE con Lino 2.80;25581,82;73700
TELAS;EXPRESS;TE10-003;BLACK OUT MELODY LAVABLE 1.40;6684,04;19200
TELAS;EXPRESS;TE10-004;BLACK OUT MELODY LAVABLE 2.80;13365,66;38400
TELAS;EXPRESS;TE10-008;PANA BUGATTI 1.40;9272,23;26600
TELAS;EXPRESS;TE10-009;TELA CLICK RUSTICO 1.40;6129,86;17700
TELAS;EXPRESS;TE10-010;TELA EMILY RUSTICO Antimancha 1.40;12114,52;35600
TELAS;EXPRESS;TE10-011;TELA GIULIA PANAMA 2.80;14758,37;42400
TELAS;EXPRESS;TE10-014;TELA LIFE TUSOR  PANAMA WASHED 2.70;15158,88;43500
TELAS;EXPRESS;TE10-015;TELA LINEN RUSTICO Antimancha 1.40;8622,46;24800
TELAS;EXPRESS;TE10-016;TELA LINKED RUSTICO 1.40;8839,05;25400
TELAS;EXPRESS;TE10-019;TELA MIX CHENILLE  1.40;7312,03;21100
TELAS;EXPRESS;TE10-023;TELA PLAIN FAJAS RUSTICO 1.40;6313,78;18200
TELAS;EXPRESS;TE10-024;PANA PORCHE Antimanchas 1.40;8358,68;24100
TELAS;EXPRESS;TE10-025;TELA PREMIUM CHENILLE 1.40;6387,59;18500
TELAS;EXPRESS;TE10-026;TELA RUSTIC RUSTICO 1.40;7077,29;20500
TELAS;EXPRESS;TE10-028;TELA STAR PANA CON ANTIMANCHA 1.40;9226,25;26600
TELAS;EXPRESS;TE10-029;TELA SYDNEY MICROSUEDE 1.40;7333,81;21100
TELAS;EXPRESS;TE10-030;TELA WIND con Antimanchas 1.45;10323,72;29700
TELAS;EXPRESS;TE10-031;Cortinas CORTILIST Black Out Textil 2pa絪s 1.40x2.20;44340,45;96800
TELAS;EXPRESS;TE10-032;Cortinas CORTILIST Black Out LINO 2pa絪s 1.40x2.20;52082,03;113900
TELAS;MIGUEL;TM10-01;CINTA FRUNCIDORA de CINCO HILOS trae 50mt xML  MIGUEL GLA&CO;0;0
TELAS;MIGUEL;TM10-02;CINTA PLISADORA de 5 HILOS trae 50mts xML GLA&CO MIGUEL;0;0
TELAS;MIGUEL;TM10-03;CINTA AMERICANA de TRES HILOS trae 50mts xML GLA&CO MIGUEL;0;0
TELAS;MIGUEL;TM10-04;CINTA DUCORT de DOS PINZAS trae 50mt xML  MIGUEL;0;0
TELAS;MIGUEL;TM10-05;CINTA TRICORT de TRES PINZAS trae 50mt xML  MIGUEL;0;0
TELAS;MIGUEL;TM10-07;FRISELINA ENTRETELA (rollo trae 50mt) ancho1.50  xML   MIGUEL;0;0
TELAS;MIGUEL;TM10-08;CINTA PLASTICA ancho4.5cm  250micrones xML  MIGUEL GLA&CO;0;0
TELAS;MIGUEL;TM10-09;CINTA PLASTICA ancho7cm 250micrones xML  MIGUEL GLA&CO;0;0
TELAS;MIGUEL;TM10-11;PUNTILLA DE STOCK xML   MIGUEL;0;0
TELAS;MIGUEL;TM10-12;FLECOS DE STOCK xML    MIGUEL;0;0
TELAS;MIGUEL;TM10-13;CORDON DE ALGODON p/almohadones xML   MIGUEL;0;0
TELAS;MIGUEL;TM10-14;CORDON DE SEDA DE STOCK xML    MIGUEL;0;0
TELAS;MIGUEL;TM10-15;GALONES DE STOCK xML    MIGUEL;0;0
ADHESIVOS ;WEPEL;WP10-01;ADHESIVO PAPEL WEPEL PROFESSIONAL x1kg;6680,41;11400
ADHESIVOS ;WEPEL;WP10-02;ADHESIVO PAPEL WEPEL PROFESSIONAL x4kg;21815,09;39400
ADHESIVOS ;WEPEL;WP10-03;ADHESIVO PAPEL WEPEL PROFESSIONAL x10kg;49348,64;89000
ADHESIVOS ;WEPEL;WP10-04;Adhesivo ARQUIFAST INTERIOR Moldura TUBOx500g WEPEL;3118,17;5400
ADHESIVOS ;WEPEL;WP10-05;Adhesivo ARQUIFAST INTERIOR Moldura x1kg WEPEL;4808,54;8200
ADHESIVOS ;WEPEL;WP10-06;Adhesivo ARQUIFAST INTERIOR Moldura x5kg WEPEL;16936,37;32200
ADHESIVOS ;WEPEL;WP10-07;FANA WEPEL 2001 CONTACTO 500ml;8015,04;15000
ADHESIVOS ;WEPEL;WP10-08;FANA WEPEL 2000 CONTACTO 1Lts;11231,22;21400
ADHESIVOS ;WEPEL;WP10-09;FANA WEPEL 2000 CONTACTO 4Lts;38458,64;74000
ADHESIVOS ;WEPEL;WP10-10;FANA WEPEL 2000 CONTACTO 10Lts;88924,11;169000
ADHESIVOS ;WEPEL;WP10-11;FANA WEPEL 2000 CONTACTO 18Lts;171804,27;327000
ADHESIVOS ;WEPEL;WP10-12;RETRO Removedor De Papel WEPEL x1Lt.;3684,45;6700
ADHESIVOS ;WEPEL;WP10-13;ESPATULA PLASTICA WEPEL xUnidad;2129,6;1900
ADHESIVOS ;WEPEL;WP10-14;ADHESIVO KP-52 P/Piso Vinilico x1kg WEPEL;7566,13;14400
ADHESIVOS ;WEPEL;WP10-15;ADHESIVO KP-52 P/Piso Vinilico x4kg WEPEL;25627,8;48700
ADHESIVOS ;WEPEL;WP10-16;ADHESIVO KP-52 P/Piso Vinilico x15kg WEPEL;90943,6;172600
ADHESIVOS ;WEPEL;WP10-17;Acondicionador Textil Limpia Alfombra Tapizados WEPEL x1Lt;2715,24;5700
ACCESORIOS;ZOCALIS;ZC10-01;ANGULO PVC DEFENSA ESQUINERO ZOCALIS 2,44 xVARILLA;2601,5;6700
ACCESORIOS;ZOCALIS;ZC10-02;ESTIRADOR DE ALFOMBRA ROBERT PROFECIONAL ZOCALIS xUNI;80828;180000
ACCESORIOS;ZOCALIS;ZC10-03;REPUESTO PINCHES ESTIRADOR DE ALFOMBRA ZOCALIS xUNI;21175;46500
CESPED;VIGORITA;VG-2020;CESPED VIGORITA SOFT 10mm xm2;7061,8625;14000
CESPED;VIGORITA;VG-2021;CESPED VIGORITA OTO헲 CORTO 22mm xm2;11974,4625;23200
CESPED;VIGORITA;VG-2022;CESPED VIGORITA OTO헲 LARGO 40mm xm2;13986,0875;28700
PISOS;VIGORITA;VG-2023;PISO LINEA RUSTIC;0;41500
PISOS;VIGORITA;VG-2024;PISO LINEA HARMONY;0;39800
PISOS;VIGORITA;VG-2025;PISO LINEA STONE;0;47300
PISOS;VIGORITA;VG-2026;PISO LINEA LOUNGE;0;47300
PISOS;VIGORITA;VG-2027;PISO LINEA CLIMATE;0;42600
PISOS;VIGORITA;VG-2028;PISO LINEA EXTREME;0;52200
PISOS;VIGORITA;VG-2029;PISO LINEA TEMPO;0;49400
PISOS;VIGORITA;VG-2030;PISO THE PEAKS;0;46800
PISOS;VIGORITA;VG-2030;PISO CASA;0;44200
REVESTIMIENTOS PARED;MURESCO;MU-2000;PLACA STONE FLEX OPACA 122 x 61 cm (0,74 m2 x placa);0;44900
REVESTIMIENTOS PARED;MURESCO;MU-2001;PLACA STONE FLEX TRANSLUCIDA 122 x 61 cm (0,74 m2 x placa);0;49900
REVESTIMIENTOS PARED;MURESCO;MU-2002;LISTON STONE FLEX 15 x 60 cm (Caja 10 unidades, cada caja cubre 0,9 m2);0;89000
REVESTIMIENTOS PARED;MURESCO;MU-2003;ADHESIVO STONE FLEX (Envase 300ml) Rinde 2 m2;0;24900
TELAS;BIABREN;BBB;TELA TERRAZAS EXTERIOR ANCHO x 1,40 MTS;0;43400
TELAS;BIABREN;BBB;TELA MALVINAS ANTIMANCHAS ANCHO x 2,80;0;51200
TELAS;BIABREN;BBB;TELA TUSOR RE헤CA (RENACA) ancho x 2,80;0;25600
TELAS;BIABREN;BBB;TELA LINO CAFAYATE ANCHO X 2,80;12590;36200
TELAS;BIABREN;BBB;TELA PANAMA QATAR ANCHO x 2,80;0;30400
TELAS;BIABREN;BBB;TELA BACALAR LISO Y RAYA ANCHO x 1,50;0;22700
TELAS;BIABREN;BBB;TELA PANAMA ESTRELLA ANCHO x 2,80;0;40800
PAPELES;MURESCO;BBB;VINILO MARMOL NEGRO MARBLE IMPERIAL Autoadhesivo ancho 45cm xML  Muresco;0;3400
PAPELES;MURESCO;MU;VINILO MARMOL BLANCO MARBLE  Autoadhesivo ancho 60cm xML  Muresco;0;3400
PISOS;VIGORITA;VG-2031;PISO FLOTANTE MELAMINA VIGORITA 8mm;0;26500
TELAS;BIABREN;BBB;DV22 3355 GLASGOW C/ Raya Chenille 3.00;0;30400
